rating	title	text	images	asin	parent_asin	user_id	timestamp	helpful_vote	verified_purchase
5.0	Everyone should use this stuff!	Product is awesome... 87 of the 90 nutrients needed plus a 115 super juices too.	[]	B006M3YNKC	B00QJQUOPK	AHUPW2LCZE7HXZAJ7JSKBXMEQKNA	1476404916000	1	True
4.0	Comfort was never going to be the headline especially for realligning your back	It works! It definitely works and 1 is enough for the family.	[]	B07JHS74XM	B07JHS74XM	AGMIMF6EVXYLXAEUDTGEMAOMPRTA	1562353106676	0	True
5.0	Amazing	Its just amazing helps with digestive problems so fast and seeing dome changes on my energy….	[]	B092MJ6JKV	B092MJ6JKV	AEKNMERZH2EEP2YXITTY5F36ZAXQ	1627940965462	0	True
5.0	Need for contacts	Keeps contacts clean	[]	B01MYYH1W9	B01MYYH1W9	AE3O4DV3QE4GSQ5IK36ZGDG3IWLA	1537983569783	0	True
5.0	Five Stars	Helps keep the cancer away!!	[]	B00MG0948Q	B078KN4SR8	AHYRX6FM2CDR3UJ2MMUMB5UFJA3A	1432747282000	3	True
5.0	Love it!	"I love Junp. I do intermittent fasting and found that I even though I was drinking a ton of water during my fasting periods	 I was getting headaches that sometimes caused me to break my fast.<br />I started putting Junp in my first glass of water every morning and no longer have headaches while fasting and even been able to extend my fasts. This stuff is great! Clean ingredients	 great flavor	 and really works."	"[{'small_image_url': 'https://images-na.ssl-images-amazon.com/images/I/C1DJgWqNeCS._SL256_.jpg'	 'medium_image_url': 'https://images-na.ssl-images-amazon.com/images/I/C1DJgWqNeCS._SL800_.jpg'	 'large_image_url': 'https://images-na.ssl-images-amazon.com/images/I/C1DJgWqNeCS._SL1600_.jpg'	 'attachment_type': 'IMAGE'}]"	B08M6866YK	B0CB33QW6H	AFD4PLDMRXWDJJPE2FXEGNKMJ6OA	1622299886933	0	True
1.0	No plug included.	"These slipper do not come with a plug.  You have to find a correct usb plug	 which if incorrect the plug overheats quickly and slippers burn.  Without receiving a plug	 you cannot use slippers.  Also	 the picture shows a white power battery and says you can use outdoors.  You do not get the battery and you absolutely cannot wear these outdoors.  The heating element zips into the front	 which easily unzips and the element comes out. Also	 fabric is not damp-proof.  Beware. Not as promised.  These are not as shown."	"[{'small_image_url': 'https://images-na.ssl-images-amazon.com/images/I/81ZRk+Zc4RL._SL256_.jpg'	 'medium_image_url': 'https://images-na.ssl-images-amazon.com/images/I/81ZRk+Zc4RL._SL800_.jpg'	 'large_image_url': 'https://images-na.ssl-images-amazon.com/images/I/81ZRk+Zc4RL.jpg'	 'attachment_type': 'IMAGE'}]"	B077HSXH1K	B077HSXH1K	AHONBA6MTSEZIRCMLIKBVIBPHWIQ	1514684756188	12	True
4.0	Four Stars	purchased as a gift	[]	B073RG6MTS	B073RG6MTS	AEWCRFI6E4IOQLFR4M5YEUHKBXVQ	1515676410578	0	True
5.0	good strong triphala	I have used several brands of triphala and this one seems the strongest and best to keep my bowels  working well	[]	B07SXWQGXR	B07SXWQGXR	AEWADTCQN6ORZUXRBY7BMPSVISMA	1577998733639	0	True
5.0	Compact and easy to use	Looking forward to bringing this on the boat to weigh out fish! Compact and easy to use.	[]	B0727NHDNQ	B071RKL964	AFFRBQPAGHRCVO64C5RNEQOCTT6Q	1520691716675	0	True
2.0	Not a strong battery life	"I first want to mention that this device is very small.  It can fit in your hand.  It's not necessarily a bad thing because it packed a good punch for being so small.  In fact	 the sounds seemed to be very good quality and the melodies that played were very soothing and calming.  All of my kids really enjoyed them.  Here are the problems with this device:<br />1. You have to charge the unit to 100% once it dies and CANNOT use it while it is plugged in.  So you use it until it dies and then it needs to charge to 100%.  It doesn't take too long to charge.  Maybe 3 hours or so.  I tried unplugging it before it had charged to 100% and it didn't want to work.<br /><br />2. There is no indicator of the battery life on the device.  You don't really know when it is dying or almost done charging.  So you can either choose to charge it every day before you use it or take a chance and use it until it dies.  At first it lasted us almost 5 full nights (around 50 hours of use in total).  We use it as a sound machine at night for our kids.  After a month of use	 it started holding less and less of a charge.  We finally returned it after about 5 weeks because it wouldn't even last 2 full nights (or 20 hours).<br /><br />3. The ""night light"" isn't really a night light.  So the light on the device can either be set to ""on"" (which is VERY bright)	 ""off""	 or ""blinking"" which is just simply distracting.<br /><br />If all of these things were resolved I would purchase several more because this machine was really convenient and the sounds were of good quality and not annoying or scratchy.<br /><br />*** A few things to note	 we never used the night light so that was not the reason for our battery usage.  Also	 I did notice that the melodies used up more battery life than the simple sounds did so if you are wanting to use it for a business with the melodies you will not be able to use it for more than 8 hours or so before needing to charge it again."	[]	B086L6QGG4	B086L6QGG4	AF7IFJXMJOPWNF6THFARJLNW46BA	1591460766196	0	True
1.0	Made me sick!!!!	I must let everyone that I ate my first bar last week and it made me so sick with intestinal discomfort for a whole day. I will never order again. It's not worth the pain and discomfort just to save a few calories and the sugar free. I'll just do without.	[]	B00RC9LQLO	B00RC9LQLO	AEP3V4OWJXU5VCJZOPYL7AYJ4I5A	1446194304000	0	False
2.0	No good!	"Glasses looked fabulous	 were comfortable and great price. However	 bifocals were either too small or not in right place	 as I could not read with them. Sadly had to send back."	[]	B01KJ8TRD8	B0BTWKCMFJ	AEKOXCFCWUCNXJUSK3Y6P23PHXBA	1493674288000	0	True
5.0	Five Stars	OK	[]	B01N7BY4NK	B01N7BY4NK	AEB6ZM3DWQQTB5XFSPV6NENBTKJQ	1495937980000	0	True
3.0	I think it's nice.. But I can't use it because my feet don't touch the floor :(	"I got this pillow because I have coccyx pain sometimes	 but also needed a seat cushion for hard dining room chairs where I do computer work etcetera.<br />Well I can't provide an accurate review because	 being a relatively short woman when I sit on this my feet don't touch the floor! Then uncomfortableness of not having feet touch the floor is compounded when trying to sit comfortably on a contoured cushion.<br />That being said	 it feels like a high quality cushion (indeed a cheaper material would probably compress more and perhaps &#34;fit&#34; me)	 and I can feel the cooling layer. I want to like it and am pretty bummed I can't use it.<br />So my husband got a new cushion instead he said he likes it and it's a step up from the old couch cushion he was sitting on in his hard chard (that's not saying much though). My husband says to point out he doesn't think it would work comfortably in anything but a hard seated chair.<br />This product was given to me at a discount in exchange for an honest and unbiased review."	[]	B0157DCK70	B0157DCK70	AEPXNR7GSSJC7OJULK6FRQEHDFRQ	1458880140000	0	False
5.0	Cleans a lot more than I thought	To clean under washer and dryer and all low appliances love this item	[]	B07Y4QHKG1	B07Y4QHKG1	AHIOMTCSM6GSGVR4XXVZR7E347JQ	1618361208061	0	True
5.0	excellent product i use it in conjunction with HBP medications ...	excellent product i use it in conjunction with HBP medications and strict diet and i have cut med usage by 50% and am on track to totally eliminated meds totally !!	[]	B01LZLSJ7B	B08MVCGBTV	AGWVRKDEGD5V4TYDB75XHJGRAVCA	1533437116335	0	True
3.0	Short battery life	Battery Life does not last long enough to curl all my hair.	[]	B09Z2JZR67	B09Z2JZR67	AH3ES54LUPMQNHYS3TXT2VDMS6XQ	1660524697891	1	True
3.0	It's the baby lotion that generations have used. Can't ...	"It's the baby lotion that generations have used. Can't go wrong with it. However with the plethora of organic	 chemical-free options out there for just a little more money	 it's not our go-to baby lotion anymore."	[]	B00MNSEPT4	B00MNSEPT4	AH6WAZPQ7K6RFTS7O7QU2EZJE2UA	1445786002000	0	True
5.0	Handy Storage	Handy storage solution for my backpack.  Holds the batteries quite nicely.	[]	B01GESE642	B01GESE642	AFPZCDGDITZYST7RGCM64UEDYDRA	1477058181000	0	True
1.0	Junk	"Unfortunately I found this to be worthless. The silicone scrubbers are not long enough	 and it is basically just a regular sponge wrapped in a piece of silicone. It is going to be a breeding ground for bacteria and mold and doesn't even feel effective when using it. As far as it's hilarious claims that it will help with ""horniness"" those are also false	 for that you might want to try an ice-cold shower	 but this isn't going to help!"	[]	B088STQXVN	B088STQXVN	AG3GU5MHHM662AATYNDWYOKOZP7A	1592681058385	2	False
5.0	"Nice	 Hot Straightener"	"I am really happily surprised with this straightener!  It does an excellent job getting hair really straight	 without the frizz	 and even does a nice job curling	 whereas some just kink your hair rather than curling. This straightener gets very hot and that's great for me.  When I shop for a straightener I always get the one that has the highest heat setting because my hair needs it.  I'm not used to a reading in Celsius but it's almost 450° F.  I only have to do one pass over the hair to get it really straight.  It's so smooth too	 when you're going over the hair it never snags.  I can feel a clear difference between it and my old straighteners.  It feels nice and sturdy	 quality made.  Definitely worth getting."	"[{'small_image_url': 'https://images-na.ssl-images-amazon.com/images/I/718ULsndcOL._SL256_.jpg'	 'medium_image_url': 'https://images-na.ssl-images-amazon.com/images/I/718ULsndcOL._SL800_.jpg'	 'large_image_url': 'https://images-na.ssl-images-amazon.com/images/I/718ULsndcOL.jpg'	 'attachment_type': 'IMAGE'}	 {'small_image_url': 'https://images-na.ssl-images-amazon.com/images/I/71BpXChFZZL._SL256_.jpg'	 'medium_image_url': 'https://images-na.ssl-images-amazon.com/images/I/71BpXChFZZL._SL800_.jpg'	 'large_image_url': 'https://images-na.ssl-images-amazon.com/images/I/71BpXChFZZL.jpg'	 'attachment_type': 'IMAGE'}	 {'small_image_url': 'https://images-na.ssl-images-amazon.com/images/I/81+YG4QZrrL._SL256_.jpg'	 'medium_image_url': 'https://images-na.ssl-images-amazon.com/images/I/81+YG4QZrrL._SL800_.jpg'	 'large_image_url': 'https://images-na.ssl-images-amazon.com/images/I/81+YG4QZrrL.jpg'	 'attachment_type': 'IMAGE'}	 {'small_image_url': 'https://images-na.ssl-images-amazon.com/images/I/811iDrbQzDL._SL256_.jpg'	 'medium_image_url': 'https://images-na.ssl-images-amazon.com/images/I/811iDrbQzDL._SL800_.jpg'	 'large_image_url': 'https://images-na.ssl-images-amazon.com/images/I/811iDrbQzDL._SL1600_.jpg'	 'attachment_type': 'IMAGE'}	 {'small_image_url': 'https://images-na.ssl-images-amazon.com/images/I/81S7PfQyJjL._SL256_.jpg'	 'medium_image_url': 'https://images-na.ssl-images-amazon.com/images/I/81S7PfQyJjL._SL800_.jpg'	 'large_image_url': 'https://images-na.ssl-images-amazon.com/images/I/81S7PfQyJjL._SL1600_.jpg'	 'attachment_type': 'IMAGE'}	 {'small_image_url': 'https://images-na.ssl-images-amazon.com/images/I/81YVCXb2DYL._SL256_.jpg'	 'medium_image_url': 'https://images-na.ssl-images-amazon.com/images/I/81YVCXb2DYL._SL800_.jpg'	 'large_image_url': 'https://images-na.ssl-images-amazon.com/images/I/81YVCXb2DYL._SL1600_.jpg'	 'attachment_type': 'IMAGE'}]"	B0896VFYBF	B0896VFYBF	AHXNCEINHHLAW5HEL6QUU2BCNE2A	1595483781069	0	False
3.0	lets be honest	This is not adderall.  If anything a placebo.  But try it.  I sure did.  Didnt hurt me any.  I just dont recall drastic results.	[]	B003SEFZRS	B003SEFZRS	AGXRDQ2DEEAKWHUYHN4O5GA5OTIQ	1376642865000	1	True
5.0	It works	Works and twists	[]	B074QL73MM	B074QL73MM	AEQYQWZOZY2OXNOSP76PSJJKWW4A	1548217266627	0	True
5.0	They are adjustable	My son loves them.	[]	B08W2KXWCH	B08W2KXWCH	AGWGEXTIMWUPIAWGNSLE3QTNWSNQ	1624805166426	0	True
1.0	Horrible	This is like putting white out on your teeth . Don’t waste your money !	[]	B091KL2NFV	B091K8WYRY	AGDEHGYF5QWPWZ7WXTJ56CYVPQWA	1649444183812	0	True
5.0	This is smaller than expected	Small is good. Backpacking size for sure. Just keep it in a ziplock bad. you don't want this to get wet.	[]	B001HDZT7I	B07HS7TGNM	AHFXOQ42Y5ZR4TP3TB5NKWYKD5DQ	1382915944000	0	True
2.0	Save your money.	did not do a thing for me.	[]	B00BG9LQCA	B00BG9LQCA	AGLHZC5KRJWM3SOMN4CXP364VW3A	1519240177154	0	True
5.0	Great adult bibs!	My mom loved her new bibs . They cover well and wash nicely. I would recommend them.	[]	B01FGCJL60	B01FGCJL60	AHGSSTSEJSXGAMDRYCYKM6GIXKEQ	1526954548954	0	True
4.0	Nice looking	Stylish... Works well! Nice looking	[]	B000G2BESO	B08X9LB1WC	AFCYO6WYWD7TUWTO5OWL5ZVEVBZQ	1433728560000	0	True
1.0	"Uh	 no."	"I was really excited to receive this. It’s streaky	 doesn’t cover discolored spots well	 and I do not consider myself to have sensitive teeth but OH MY GOSH it burned. I panicked and brushed it off."	[]	B091KL2NFV	B091K8WYRY	AF6PC7VOVSALGUZKU5OARYIS4PDQ	1649167993221	0	False
5.0	Great value for the money did it’s job	"Used for  sitting my elderly mom on the seat in the bathtub	  very nice"	[]	B07MQ6CQ98	B07MQ6CQ98	AGXMCPPKGLRJI3VAGUDPINYIHDAA	1578851438405	14	True
5.0	Will definately buy again	The carb blocker has been great. I take these with my biggest meal or if I have a carb full meal. I am using 3 of these supplements together so I am not sure if it is just this or a mixture of all three. I would definately buy these again. As I have defintely noticed a changed in appetite and weight loss.	[]	B01D1VJPAU	B01D1VJPAU	AEU776REPVKSTZ6CICI5TQWB4WCQ	1521819803412	0	True
5.0	Fit perfect	their perfect for what i needed them for. they fit the deck fine. be sure to measure deck first	[]	B00AKUIKT8	B00AKUIKT8	AGMR7DVEVZKSFXY6SZMLVPNX677A	1439430676000	1	True
4.0	Still working after several months	"Daughter still using it several months later	 so seems to be of decent quality (better than expected)."	[]	B00RTFT08W	B00RTFT08W	AEKNBBVQDMNX4XORH4F2B3I3BF3A	1501049737475	1	True
5.0	Happy with this!	"It’s really easy to use	 just don’t take big sections."	"[{'small_image_url': 'https://images-na.ssl-images-amazon.com/images/I/B1CbZgXUemS._SL256_.jpg'	 'medium_image_url': 'https://images-na.ssl-images-amazon.com/images/I/B1CbZgXUemS._SL800_.jpg'	 'large_image_url': 'https://images-na.ssl-images-amazon.com/images/I/B1CbZgXUemS._SL1600_.jpg'	 'attachment_type': 'IMAGE'}]"	B08DFTKTLB	B08DFTKTLB	AFCZUECUDN2XN4VT2IPVOZ6TKW7Q	1609117389861	0	True
5.0	Great product	Works great against soap scum without the overpowering smell. Recommend this product.	[]	B01636ERTY	B01636ERTY	AEOP2PKONK24IHWCASIPMBKG3NGA	1661623327553	0	True
5.0	Don't waste your money	This thing is a waste of money! All the thing does is vibrate.	[]	B0B45BS25R	B0B45BS25R	AE7QVUJIKLDUPAJZ5YMK5UMPQXVA	1656963065314	0	False
4.0	great travel brush	"the retractable feature lets you carry in a small (&lt;7"") makeup bag without the concern of damaging the brushes or getting makeup on your things.  the brush quality is good.  the caps do not snap in place but stay on pretty well."	[]	B003342PDA	B003342PDA	AFLF7OXQ3WOYYOZTM7R7JVG2EKGA	1304439692000	0	True
5.0	Love the smell and high quality ingredients	Smells amazing and I love the natural ingredients	[]	B07HS1GWXY	B0C1HHXQ94	AGLJMBFP7QZ2NXJ2A22B63ZHF3SQ	1609561442042	0	True
5.0	Durable and comes in cute colors	Durable and cute colors.	[]	B07Y5Y2WSG	B07Y5Y2WSG	AFQ5ABQL7MFPHKOZTFUZ4KUQ4KCQ	1574311737229	0	True
4.0	Bridal shower	Everything came as expected	[]	B07WD48V64	B07WD48V64	AHLT3YFPAXMZZMPYQPN2QI6YJXKQ	1572557713423	0	True
1.0	Bug thumbs down	I haven’t been able to get it to heat up.  Wouldn’t buy it again	[]	B08RYLP5ZT	B08RYLP5ZT	AF5ENBDGASEDFYG3IG7C72WG37YA	1670202970543	1	True
5.0	Quality and value	"&#34;I like to stick to the basics (protein	 creatine	 multivitamin	etc.).  This is a great clean quality product at a great value.  Will definitely reorder.&#34;"	[]	B01LZ0DAKQ	B01LZ0DAKQ	AF6WLNLSXLBF4EB7JQCOGVSIZVYA	1508844051795	0	True
1.0	Doesn't work	"I was very excited after seeing videos and reviews for this product.  I bought two bottles and one week into being very careful about my diet and taking the product	 I have lost no weight or body size and much to my disappointment I have gained 4 pounds.  I have experienced swelling and itchy bumps and much water retention.  I see no magical fat burn as promised. I don't need to lose a lot	 but I really didn't need to  gain any at all.  The belly fat I desire to lose is going nowhere !  Buyer beware !"	[]	B09SYQVDJX	B09SYQVDJX	AHIOVZMX72ACDLHABCGZIGMUFVKQ	1649950795082	44	True
5.0	It works! I didn’t get any side effects	"Tried a different product and got a bunch of side effects so I switched to dasgro hair formula and found the product to be highly effective for my alopecia	 new hair in 30 days and no side effects	 nadda	 zip	 zero! I highly recommend this product to others dealing with hair loss who want a natural product that truly makes a difference."	[]	B00FZIUHL4	B00FZIUHL4	AFJ6WUK3JMFWVQJ5ZPAWBIRCGHWQ	1432435285000	2	False
5.0	Great product!!! Excellent for gut health!	This stuff will fix your gut issues up real quick! Excellent product that has helped me many times!	[]	B009T7BER8	B009T7BER8	AE6FF47OFKOS4UMV6D67NTPZQ5HA	1577480061346	3	True
5.0	Nice Lemon Scented Upholstery Cleaner That Really Works!	"I really like this and it is on my Wish List for reorder. This saved a loveseat that has had a large dog brushing against it for years. It left the fabric beautiful	 restored the nap and it smells lemony fresh! You can't miss with this product."	[]	B00N37SNFG	B07CFWRGNS	AHSZYTQBIGNBWEXCZV4YMR3A5CCQ	1526308714920	26	True
5.0	Very happy!!!!	"I purchased these for my son's 10th birthday as party favors for his friends. The wristbands were delivered earlier than expected	 and they were awesome! For the price	 the wristbands were made out of very good quality. I will definitely be ordering from this company again. :-)"	"[{'small_image_url': 'https://images-na.ssl-images-amazon.com/images/I/71nFNdXbnfL._SL256_.jpg'	 'medium_image_url': 'https://images-na.ssl-images-amazon.com/images/I/71nFNdXbnfL._SL800_.jpg'	 'large_image_url': 'https://images-na.ssl-images-amazon.com/images/I/71nFNdXbnfL.jpg'	 'attachment_type': 'IMAGE'}]"	B07GD2D2ZX	B07GD2D2ZX	AE2W22G33Y2B2CWA4ZCE4ZN36HPA	1544639615087	1	True
3.0	PACKAGING/CONTENTS NOT AS DESCRIBED	"I love Clif Bars	 but it was not as described. The description clearly states &#34;2 of each flavor&#34;	 however I received 4 of four flavors and NONE of four others. I purchased this specifically to get EACH flavor. I am not pleased about the packaging whatsoever."	[]	B01GRXHSOO	B01GRXHSOO	AGIVKTBG6VIPHJAMM4JGGZXGVFQA	1522860122299	3	True
5.0	worked great	We dug a new well on my property in Alaska and the well drilling company only tested for iron.  I wanted to know how alkaline it was.  This product worked great and my water is fantastic.	[]	B076JX6R5V	B076JX6R5V	AGRTLSRBXELPFO7WMAUPDZX5M72A	1558560957713	1	True
5.0	Cool all night!	"I asked my wife what she wanted for her birthday and she replied	""A cool pillow."" I had never heard of that. I Googled and saw that Amazon had a few. I took a chance and selected this one. She was surprised when she opened the package! She has been using it for over a month and LOVES it. I plan on upgrading from a Queen to a King for Christmas......"	[]	B004283PVW	B004283PVW	AH2ONGG2WQ2MUWDFBR6HXETN6P3A	1313753590000	27	False
5.0	Perfect	Gives a lot of protection to sensitive areas!	[]	B012OUUU58	B07BN2Y8PV	AGPGDP2BPEUYYJRPAWFHYXLBBY4Q	1671251915443	0	True
5.0	These are perfect for the stamping plates	These are perfect for the stamping plates. I bought other brands and they were crap but these are great and bright colors.	[]	B00HQNLT7C	B00HQNLT7C	AEYS7LMBMNW7KPYN2QNY5YCGXAGQ	1415978614000	0	True
5.0	Five Stars	Highly recommendable!	[]	B00VXJ09R6	B00VXJ09R6	AELFF2JPCQQH7AINSQ3Z62HQAL4A	1456526202000	0	True
3.0	OK for the price	"Heat and bubbler work fine.  Foot rollers are too hard. Attachments for center (pumice stone	 etc) won't stay on if you rub your foot on it....useless.  Because the basic heat and bubbler work and are the main reason I got this	 I decided to keep it."	[]	B00NMFUVZE	B00NMFUVZE	AHTMAB32ET3J3YDBHCUGPF732DOA	1509118785245	0	True
5.0	Amazing color. Fit the phone perfectly	Amazing color. Fit the phone perfectly. Love the feel. Cleans up nicely and is a great company to work with.	[]	B007KAIH5I	B007KAIH5I	AEE56OBOKR4KGQDVEH6YYDRSTMVQ	1429889148000	0	True
5.0	"great product	 would buy again any time"	"I expected multiple but only got one Crystal	 regardless I am highly satisfied with my purchase. It even comes with some instructions and help."	[]	B00ED3Q8KQ	B00ED3Q8KQ	AHLQYUCYW5HEPFLZLXRWR5JRL5UQ	1386976094000	0	True
5.0	My hunny sure does love that I'm taking these	"I've been a 3xD for the last year or so without knowing. I started this in November 2014	 and my cup size has definately grown since I started. (TMI) but I have over-spill in my G cup. Time to start shopping for a new bra!! I will be buying more. My hunny sure does love that I'm taking these!"	[]	B00JVC1G9C	B00JVC1G9C	AFVNQTGMHFJFORJY63NZ3WWEY2UQ	1420182211000	4	True
3.0	Three Stars	Ok.	[]	B00AWD22O2	B00AWD22O2	AEQLPVNZFOKACJVRZD25NBVET73A	1433803206000	0	True
5.0	Face Chain Mask Holder	Just like it is advertised. Works well.	[]	B08C2K3XF4	B08C2K3XF4	AEPZSXILJM7D7XXDIHFBNPYPRFTA	1607690389456	0	True
4.0	Four Stars	Great! The product is effective and it's scientifically formulated and clinically tested. I strongly recommend it.	[]	B00V3Y5SAO	B00V3Y5SAO	AEHHGRWCBVP5EVKZPVSA6I7PMVAA	1433947871000	5	False
5.0	Good for driving tired.	5*	[]	B01J67XDAG	B01J67XDAG	AGRSKXXSUO4ODVNJGMB7MHZ4RJSQ	1583366945840	1	True
3.0	Good for swatting the cat but not for putting on shoes.	Needs to be made of a thicker metal	[]	B083DJP4DW	B083DJP4DW	AG6QJQPDWMHLNVUESKMWFJXKQCZA	1612777001595	1	True
5.0	Better than office scissors (in my house)	"In our house	 scissors are generally abused; on a suburban farm	 they get ""used"" for all kinds of cutting	 especially the types of things that tend to trash office scissors-- plant stems	 irrigation tubing	 chicken feathers	 plant ties	 plastic of various types	 shade/cover material	 etc.<br /><br />Most of the scissors we've had over the years	 even the fancy titanium bonded ones	 usually give way (simply due to the design and our use) pretty fast	 and quickly become useless for even paper cutting (especially). These medic shears	 however	 seem to be the solution to our problem. They're MADE to cut through the range of materials we cut through	 designed to NOT lose blade ""grip"" and to keep a good cutting edge (serrated even!).<br /><br />OUr scissors usually end up floating around between the house and the yard	 so they often get left outside in rain (told you we abused them!). These can generally handle that abuse much better-- with their coating and die-hard design	 they end up still being able to cut-- for much longer than regular scissors. Of course	 your results may vary depending on use/abuse. :)"	[]	B01HBRH9IA	B0B8G78VZZ	AFJK54GQ4GLB4Z3FQXFZVHUIOMXA	1564508567833	3	True
5.0	Great deal for the price	"These are crystal clear and the fit is really good.  I have a smallish head and often glasses slip off my nose.  Not these.  My husband	 with a larger head	 says they also fit him.  Great glasses.  Highly recommend."	[]	B00T3NTIY4	B00T3NTIY4	AH4X33N7DBDQGA3LMMNJGCUYZT4Q	1456966920000	0	True
1.0	SCAMMED ON MY ORDER	I didn't get what I ordered. I ordered 2 pair of gel socks and 2 pair gel gloves and wyatt I received were normal socks and gloves that I could've bought myself at the dollar store. I'm VERY UPSET!!	[]	B081YR2SC9	B081YR2SC9	AFMMFQGBSW224JGAZ4RSQ7VM66BA	1577218079618	0	True
5.0	Amazing	My go to chapstick	[]	B001OPIZ98	B001OPIZ98	AHBOUZSJHBPLAY2ELNOYJRM3XKJQ	1548861907464	0	True
5.0	Can’t live without	"I like this better than my last one because it’s small and fits in my scrub pockets at work and the time goes up to an hour	 maybe more	 when my last one I had to restart every 15 minutes."	[]	B0861ZXZQL	B0861ZXZQL	AFKSUPRDIZM6D7YLDX5IWD24P5AQ	1636029856192	0	True
3.0	It was okay	"Maybe I can’t expect any product to truly work on some fish water but that aside	 I found the scrubber attachment wasn't that practical. Can’t really grip the scrubber if its detached	 and its hard to grip the can at angles to use it while attached."	[]	B003WJCX92	B076FS3HN7	AGCXDGVW36T45PINA3QMCONDA5LQ	1631195502240	0	False
1.0	Damaged products	Had these shipped to the house just thrown into a box and 3 of the six broke and leaked powder out all in the box	[]	B081BC7B43	B081BC7B43	AGEME4EL3UQHK4FDHQUZ4OQMWXNQ	1659212772913	2	True
4.0	Four Stars	Helps my arthritis pain.	[]	B01MSZ61YN	B01MSZ61YN	AHZXYZSRANUUVGRZPRX7NYAUANFA	1519598463845	0	True
1.0	Didn't even last prep washes	Terrible terrible quality! Just got them delivered today and after 1 wash gussets on left side already came unsewn. Haven't even finished prepping and they already started falling apart.	"[{'small_image_url': 'https://images-na.ssl-images-amazon.com/images/I/810Ccafiy-L._SL256_.jpg'	 'medium_image_url': 'https://images-na.ssl-images-amazon.com/images/I/810Ccafiy-L._SL800_.jpg'	 'large_image_url': 'https://images-na.ssl-images-amazon.com/images/I/810Ccafiy-L.jpg'	 'attachment_type': 'IMAGE'}]"	B00YSVX946	B00YSVX946	AFXDANQL3SE3JNVGARPUQJW6N37A	1472536286000	0	True
5.0	Five Stars	Very convenient	[]	B000Y0CL8K	B07HS7TGNM	AGETJYWL6IUFFC45ZSQAOBU77JJQ	1518964005290	0	True
1.0	This stuff is terrible there's no flavor if you've ever have lived in ...	This stuff is terrible there's no flavor if you've ever have lived in Ghana you know what red palm oil supposed to taste like this stuff is nowhere near the palm oil that you get that says on the side made in Ghana don't substitute you'll be sorry this stuff is terrible	[]	B00IMQC78C	B00IMQC78C	AEWICMEZHD7RN2QHJTWP6KKF6VLQ	1489873000000	6	False
1.0	Opened package	"The bag of salt was opened and an attempt to seal it with tape did NOT work. However it was then placed inside another bag. I still had a mess! I don’t honestly know if what I received is actually dishwasher salt or if something else was put in the bag. So therefore	 as to not ruin my brand new $1700. dishwasher	 if this was a scam	 I will not use it and simply look elsewhere to purchase. Like throwing money out the window!"	[]	B08LMLQK83	B08LMLQK83	AEJ2T5FABUC47AE3UOFERVS5O6TQ	1634602393920	1	True
3.0	Weight is off.. don't appreciate having to ADD 5lbs to what this scale measures. :*-(	"I suppose you get what you pay for	 but expected more from a brand that is as reputable as Sunbeam.  Have compared this scale to two others and it read 5lbs less than the others.  Bummer."	[]	B0014JVJQK	B0014JVJQK	AENH2TLBMT454JBHVQDSMNMWFLNQ	1523127628292	0	True
5.0	Very Good	"Put some in my coffee	 only 1/2 a scoop since I normally drink my coffee black.  It was very good.  Nice chocolate flavor."	[]	B077XNHZ83	B077XNHZ83	AEXFLRW2DFJS4D7LDMWZYOZGINKQ	1536681620297	0	True
5.0	Great Party Favor	Very pleased with the buttons. Nicely made and good quality. They were perfect party favors for my son's Roblox party.	"[{'small_image_url': 'https://images-na.ssl-images-amazon.com/images/I/81P+q5TpiRL._SL256_.jpg'	 'medium_image_url': 'https://images-na.ssl-images-amazon.com/images/I/81P+q5TpiRL._SL800_.jpg'	 'large_image_url': 'https://images-na.ssl-images-amazon.com/images/I/81P+q5TpiRL._SL1600_.jpg'	 'attachment_type': 'IMAGE'}]"	B087C61253	B087C61253	AHFS7G6SOMORXG67IRN65FV2XG5Q	1600028796289	0	True
5.0	Exercise	Exactly what we wanted	[]	B01IEOCA6K	B01IEOCA6K	AE2P7CYKD2QEVJ543B65G32BY2GQ	1487687156000	0	True
5.0	Five Stars	excellent product - thank you for the fast service	[]	B014Q6D96A	B0B4328BFW	AHLYC6ZP23QW2NGDLSCURVWBEHMA	1455895671000	2	True
3.0	It appears robust so basically I like it. However the Tuesday tooth broke off	"It appears robust so basically I like it. However the Tuesday tooth broke off: one bin just doesn't close	 it flops back up. And it's larger than I wanted it. So ... it's soso."	[]	B01A61UCTQ	B01A61UCTQ	AEUKINFKZIPLHVVFUT7GFT6AK2PA	1466745319000	0	True
5.0	Five Stars	Love the hair spray. But you only need to use a small amount.	[]	B00RC2KS7Y	B00RC2KS7Y	AFKIIBVEKOZQHOB7BOA5VUDFSPAA	1459425096000	1	True
5.0	Best tasting protein that aids recovery!	I was already in love with Performix Iridium Protein powder before I tried the peanut butter commander crunch kind.. another win for the brand. Taste is outstanding and protein is easy on the stomach - no bloating or upset stomach. Really helps with recovery.	[]	B01MY6V61Q	B01MY6V61Q	AF6X5VOZDPJQ6E7VQELF7SRVSDKQ	1498655225865	0	False
5.0	Five Stars	love this soap	[]	B006L7TC8C	B006L7TC8C	AHO3TDAEHETBLO4YMYA3ZOROM4SQ	1438609668000	0	True
1.0	One Star	Took as directed and did not notice any changes.	[]	B007V80D3S	B007V80D3S	AEZF2TW7UVAGRTEL2A37JAIDTY5Q	1406515464000	1	True
5.0	Love	Love this little  Chihuahua	[]	B077GDFYB9	B077GDFYB9	AHJ2IYKW4FMXGOFI36ZIC5HWIKLQ	1581030106761	0	True
5.0	Five Stars	good	[]	B00BPPPL2Q	B00BPPPL2Q	AEEGUZ55SFDB73UVGLH4DBYHRZIA	1491520465000	0	True
5.0	Absolutely Works! Try it!	"Started feeling better after just 10 days. Been taking for over a year now & cannot believe the difference . I am 95% pain free! with no pain relievers or  Rx meds at all. I have arthritis in<br />both knees	 elbows& shoulders and had no knee cartilage. Doctors previously advised knee<br />replacement but now not needed!"	[]	B01FL9DFR4	B01FL9DFR4	AGE6KKKJDYDVYWYP7VEFE74DY27A	1543362154527	18	True
5.0	One of our favorite massage tools for self-treating the back!	"Great tool to release the back muscles and open up the spine. Roll around to find the tender spots and then re-visit but hold. Wait for the area(s) to soften. If treating your upper back try making the &#34;I Dream on Jeanie&#34; arms and windshield-wipe back and forth for additional releasing. Lower back	 bend the knees and windshield wipe once again."	[]	B0007WTQ06	B0007WTQ06	AE5ZU6K6KVXQGAGLF6GKUZ4ZVQ5A	1427812124000	0	True
5.0	Good Quality	"Good quality	 have not had one break. Used with loom and crochet hooks. Glows well.<br />Will be buying more soon."	[]	B00KXPI9R8	B00KXPI9R8	AG374DI3DJW2ESUJ7URU5B62FK4A	1439985880000	0	False
5.0	Use Max Freeze all the time for aches & pains.	Sometimes I use it at the onset of a headache and get relief. Don’t need pain reliever.	[]	B07L4Z37WC	B07L4Z37WC	AHWZ4YUVNL5UTMBB7ZSB756WCBPQ	1646786575467	0	True
4.0	Ok	They worked.	[]	B07DCZBRHC	B07DCZBRHC	AGCWVCX5L42V6LBWO7XHH4FM5ZWA	1566176041285	0	True
5.0	Great Scale!	lightweight and sleek looking.	[]	B08K4CCS2L	B08K4CCS2L	AHDLGYL6FQ2BAP5Y24KKEP775INQ	1648248520495	0	True
5.0	Get all your lashes perfectly curled	"I have big eyes and dense	 long lashes that need a little curling from time to time. Other lash curlers don’t get all of my lashes and it is kinda hard to get the outer corners curled nicely.<br />This lash curler	 though	 has no limitation to the sides which makes it super easy to curl ALL your lashes to the same level!using this one is very different from other curlers. So you might have to get used to it first but it is worth it!"	[]	B07B4C4JW9	B07B4C4JW9	AGL3JFBD2HK6SRX6DBEYTMN2ASTQ	1539235835407	0	True
5.0	Silky Soft	This mask feels very soft and silky. It barely feels like anything is there. I can fall asleep easily with it on. It also does a great job at keeping all the light out.	[]	B07GSVKYLT	B07GSVKYLT	AEBIUZ6LDKHZDJSNZTVYGKDJUO3Q	1543611737741	0	True
5.0	Great set	These are great sets. The tweezers alone are worth the cost.	[]	B073SB7SC5	B073SB7SC5	AE7NZXJP5EKCUN5MPVKTI7IHRARA	1550064242475	3	True
5.0	Quality	"Good quantity	 arrived in a timely manner"	[]	B004O2A29E	B08KBQNDJC	AEY3AB3E5NETLHJLSRXDFE7B64PQ	1544867658804	0	True
5.0	Love it.	This is a great moisturizer and my beard loves it.	[]	B072FJDX48	B072FJDX48	AHDS24ARB2CVCCESQGTSQZDXRINQ	1553172996139	0	False
5.0	better feet	"Works great my feet feel a lot better and they don't sweat near as much	foot baths being attacked so much with neg reviews i had to try it	as i suspected it works great."	[]	B01JIE2XJY	B01JIE2XJY	AE5N2KKOVJ55FBHWYRLQZ45FLOLA	1626915218741	0	True
5.0	Works great! Easy to use	Can't believe that I ever lived without this! Works great! Easy to use. Fits perfectly in a cup holder. Very easy to maintain. No wicks.	[]	B015X2PTDC	B015X2PTDC	AGRFUI7FDKFA6W7XP6T4XMBFPKQQ	1456801681000	1	True
1.0	Doesn't work as advertised.....	Product does not work as noted on website. When I finally had each unit trimmed to fit my nasal passages I found that shortly after having them in my nose they would fall out. I am concerned about the chances of them falling out and choking in my sleep. Can't believe these have been approved for sale.... Waste of money....	[]	B0039OD74A	B0039OD74A	AHGB3V2WUAEKQHNX4KC736XO3Q3A	1309220592000	0	True
1.0	Dosen't work	"Been taking this for a month and actually gained weight...didn't lose anything.  No weight	 no belly nothing.  Also artificial sweeteners in the product.  Don't waste your time or money on this!!!"	[]	B08Y5RK23T	B08Y5RK23T	AGGXL7UNNE6WJHHRUNEITOUBE6MQ	1633964882584	0	True
5.0	comfortable	valuable	[]	B08BDG1H4R	B08BQZHB9D	AGO7O7EUU4FV5FJIBADNZNPBLRGQ	1612648952308	0	True
3.0	Three Stars	it's not what I thought the scent would be.	[]	B00IXX8YMM	B00IXX8YMM	AFCGEDLPD2OYGPDRVDTBZDXK4HVQ	1418248889000	0	True
5.0	Keeps skin safe	Keeps my skin safe from the luekotape I put over the cover roll stretch tape	[]	B000GCRWNA	B000GCRWNA	AEAYAZZGR4AMIXCWZK2MZW437XRA	1562561379893	0	True
5.0	Five Stars	Worked well at removing the stains in the coffee pot.	[]	B01DMQR3GW	B0B626Q84B	AF5PAJUHVAPF3VEE6TLX5VIQ2UBA	1479048336000	0	True
5.0	Good Stuff!	Good stuff!  Seems to be high quality.  Very neutral but sweet in flavor.  I use it to mix my own e liquids.  This is my go to VG.	[]	B004C7MTLA	B004C7MTLA	AHIY3UQU4CN27UQL52G5MAMTXHTA	1452139879000	0	True
1.0	Stopped working when changed the wifi network	"I moved from one house to another	 then I couldn't sync anymore. Reported to Fitbit support and it's a well known issue. They said they can't do nothing about and offered me a 25% discount to buy another Aria. No additional comments are needed after this."	[]	B0077L8YFI	B0077L8YFI	AGPXF77VNBNKTYPGUPOPILH44LSQ	1547922904121	1	True
5.0	Soft on your nose.	"Great product to use on an everyday basis but what really sold me on this product was last spring. I have seasonal allergies and sometimes have nonstop sneezing in the spring no matter what medicine i take. These tissues sre easy on the nose	absorbent and well worth the price which is reasonable. I always keep these tissues on hand."	[]	B07YLB5GQZ	B0BQ47DNW2	AFRAE4AE5W3QJMAWA76P762XCGFQ	1645400941006	0	True
5.0	So much help	I helps me get my socks on	[]	B083S2X721	B083S2X721	AE5RDH7J6M6YVFGN77Y7T3I2TY2A	1635309515238	0	True
4.0	Great	"The product felt very potent and clean	 it provided a calm energizing effect that was great for stress	 worked better than other brands I have used."	[]	B082YD4BSH	B082YD4BSH	AHKOFCERQMG7DYQOTQIDESWE2QHQ	1606077743690	0	True
5.0	Five Stars	Sneakers never smelled so good.	[]	B000QCOF1M	B0BP9TTQBM	AHAUM2DTIKNYHCRQMC7KUYUYSYXA	1515623989890	0	True
1.0	Disappointed in REVLON product	I was very disappointed in the files.  They tore my nails.  I had to go back to my REVLON file that is 30 years old.  The quality is not there anymore.<br />Rosanne Smith	[]	B009W1RL2I	B07YDD2NY6	AGQM7FNE7ZAVXIFDRSMLAPNSW2KA	1568588768217	17	True
5.0	Great product at a great price	"Super hydrating lotion	 very hydrating and calming to the skin.  It's been helping my psoriasis outbreak."	[]	B00OTE8NHA	B00OTE8NHA	AG4GQF2K5JIHLDJFG4SUYPNKHPTQ	1458676704000	0	True
3.0	glass nail?	"I ordered the glass nail files because I was told it wouldn't tare up your nails as bad as the other files 	I really dont see any difference matter of fact My thumb nail split and I had to clip it off short"	[]	B07CL3HBJG	B07CL3HBJG	AFDDOHM7IIZ2IKKNW4UDQQDGVEQA	1627786251301	0	True
5.0	I think the product is excellent quality and reasonable price	I think the product is excellent quality and reasonable price.my skin looks better since I started taking this product .	"[{'small_image_url': 'https://images-na.ssl-images-amazon.com/images/I/518hQ8B+L-L._SL256_.jpg'	 'medium_image_url': 'https://images-na.ssl-images-amazon.com/images/I/518hQ8B+L-L._SL800_.jpg'	 'large_image_url': 'https://images-na.ssl-images-amazon.com/images/I/518hQ8B+L-L._SL1600_.jpg'	 'attachment_type': 'IMAGE'}	 {'small_image_url': 'https://images-na.ssl-images-amazon.com/images/I/51C6D9eqf1L._SL256_.jpg'	 'medium_image_url': 'https://images-na.ssl-images-amazon.com/images/I/51C6D9eqf1L._SL800_.jpg'	 'large_image_url': 'https://images-na.ssl-images-amazon.com/images/I/51C6D9eqf1L._SL1600_.jpg'	 'attachment_type': 'IMAGE'}	 {'small_image_url': 'https://images-na.ssl-images-amazon.com/images/I/61PbNZk7paL._SL256_.jpg'	 'medium_image_url': 'https://images-na.ssl-images-amazon.com/images/I/61PbNZk7paL._SL800_.jpg'	 'large_image_url': 'https://images-na.ssl-images-amazon.com/images/I/61PbNZk7paL._SL1600_.jpg'	 'attachment_type': 'IMAGE'}	 {'small_image_url': 'https://images-na.ssl-images-amazon.com/images/I/61kJunBJ+rL._SL256_.jpg'	 'medium_image_url': 'https://images-na.ssl-images-amazon.com/images/I/61kJunBJ+rL._SL800_.jpg'	 'large_image_url': 'https://images-na.ssl-images-amazon.com/images/I/61kJunBJ+rL._SL1600_.jpg'	 'attachment_type': 'IMAGE'}]"	B01FL9DFR4	B01FL9DFR4	AGM4BWBRBM4SGKHEZ3KEGW5W4MPQ	1507697941198	2	False
4.0	"High Arches	 Not Good for Flat Feet"	"I ordered these for a pair of cycling shoes where my heel was sitting uncomfortably low. These fixed them! They don't make you too much taller so	 that's nice. The only thing is that they have a pretty high arch. If you have flat feet	 maybe try a different model."	[]	B0196058BA	B0196058BA	AGK3N4JJBPLL3PUW5SHZAAC6CCOA	1483821514000	2	True
5.0	scale useful for pull force testing	testing pullover force for a physical object	[]	B0727NHDNQ	B071RKL964	AH2PNDMSLPMCASJS2AXYHQ5ZVFIQ	1537802632022	0	True
5.0	Finally an extra large that fits	"Great Fit for an Extra large	 Finally!"	[]	B08BWBQ3T3	B08K2MYBZY	AEPZSBCLD7REDLVUDDHB4P6Y44IA	1596575479723	0	True
5.0	Five Stars	"THESE ARE GREAT	 JUST WHAT I WAS LOOKING FOR......."	[]	B00RDWD5OG	B00RDWD5OG	AFOFH5JZBRNDCZSY32QETKW62BAQ	1465938934000	0	True
5.0	Shoulders down and back	So happy with my purchase. Immediate relief of tension and tight muscles in shoulders. Posture feels so much better.	[]	B07JMS3DJQ	B07JMS3DJQ	AHJD6V5CG6ZLWXO6NDAKI74JZFRA	1591921317290	0	True
5.0	Awesome product	Great product. My only negative comment is that the instructions are hard to read and not in English.	[]	B09CYMZCK7	B09CYMZCK7	AE2NCRFGYJHFVXOUMBVQWOTAJ4QQ	1658730439338	1	True
1.0	not soothing for me	"This sound machine just makes one kind of noise	 and to me it was jarring and anxiety provoking.  The subtle adjustments in volume were not enough to change that.  It still sounded like a jet engine.  Instead I went for the Conair SU1W Sound Therapy	 Silver which gives me a relaxed feel and has many sound choices."	[]	B000LQI2S0	B07FTK5DWF	AGTHN6ZWZJC5VWL6UG7OZSF5ZP6A	1356103379000	6	True
5.0	Awesome product	Great cleaner. First time getting this product and im very happy with the results helps get grease and gunk out real good.	[]	B0007RVL5Y	B0007RVL5Y	AE7DGLEAIRQZNGTRKBNSGZ6FTJFQ	1561381213949	0	True
5.0	good purchase	will buy again and again	[]	B079YTTJV3	B079YTTJV3	AGLFBERE5XIAPLITPEDYAJANWEZA	1588122090884	3	True
4.0	Four Stars	"I wish the tray would lock	 perhaps havesoft rubber to stabilize the tray."	[]	B01H0SVP9O	B01H0SVP9O	AG6336H4PZDLNNNGHZH6S5LEPEXA	1525610066705	0	True
5.0	Cute banner!	Very cute and well made!	[]	B08LMSJKTK	B08LMSJKTK	AEO4FVUQP6XWR2GSPDNK56XS2MIA	1611869206573	0	True
5.0	"Great tasting	 fast-acting."	Great taste. Brought my vitamin D levels right up from the abyss.	[]	B00U469X8U	B00U469X8U	AFBV7KGSEE3NKAQHA2RKI5UVV4NQ	1497285281842	0	True
5.0	I was pleased with it because it did seem to help with ...	"I tried this product to see if it would help with my slow digestion. I was pleased with it because it did seem to help with digestion and I found I had less gas and bloating which had been bothering me. This product was recommended to me by doctor because of my frequent heartburn. Some days I was taking several Tums a day without relief. As soon as I received this supplement I started taking them as recommended and now is heartburn free. There are only occasional days in which I get heartburn but quickly take an enzyme and it soon goes away. I don't know a lot about enzymes and had never tried them before	 but so far my results have been good. I would suggest them to others and was happy with the ordering and delivery process."	[]	B01KS6S6G0	B01KS6S6G0	AFMBPCWHW374TUBIABY2Q55UWPLQ	1478109677000	4	False
1.0	DONT PUT THIS ON BABY! Pediatrician advised against!!	"My 4 month old had a appointment with his pediatrician	 2 days prior to the appointment a mysterious rash showed up on his stomach	 groin and face this wasn’t the reason for our appointment but I asked his ped about it… first thing she said was “did you use something on him with lavender” YES	 literally days prior for the first time we used this product as desperate sleep deprived parents we hoped this would help with his relaxation and sleep	 it didn’t even click in ky head prior that we tried a new product that could be the source. She said “yeah that’s it	 it can be used in defusers but not topical	 it’s the #1 causing irritant to babies skin and I don’t know why they advertise is as being okay to use” 10 days after use and my son still has the bumps on his cheek that haven’t cleared up since using this product. HAVE NOT AND WILL NOT USE AGAIN."	[]	B08THGBSZW	B08THGBSZW	AGB5YRZQVUIPAZQ35KNRW25QAWEA	1655356516195	3	False
5.0	Best clippers I have ever had	Got three sets two for gifts. Works great.	[]	B085BPX4BX	B085BPX4BX	AGO2IKMWW7IEQJQQQYZEYV432SCQ	1595125093517	0	True
5.0	My go to	These are my go to for work and home.  I work in a hospital with my shoes covered. They look new forever but get worn down. These give them new life. Also use in my work boots at home. Huge difference. Can even make cheaper boots more comfortable	[]	B083TKLF8Z	B083TKLF8Z	AHJ34EKHG5OB3LH5MJZJUYIYQHXQ	1604933138896	0	True
5.0	Great product	"I originally bought this from my foot doctor.  But when it was time to buy a new pair of orthotics	 I found them on amazon.  This is a great product and provides wonderful support.  Wouldn't go without them."	[]	B003E8CIEQ	B0C35MKB98	AFGSJQUX7CAQNZQNYCJYG2SO53JA	1366392705000	0	True
1.0	Item doesn't work anymore	I used to buy this at Walmart and it worked now I am still hungry after the pill	[]	B07CC5XBC9	B07CC5XBC9	AHZKKZSLAL3NDTHZCFBAZUK6FKLQ	1660543090436	0	True
5.0	Love it!	Love this product! I have been using this for over a year now. It doesn't help me to lose weight but it does help me to digest better and maintain my weights. I have recommend this to many friends already.	[]	B01ERKSWU8	B01ERKSWU8	AF4NTB7FQIWU3X2SBPEITTDB63KQ	1496357141000	0	True
5.0	You won't be disappointed!	"Do NOT waste your money on those electonic ""sound machines"" with the heart beats and waves crashing.  If what you are looking for is sound that fills the room and blends into the background	 this is your machine.<br /><br />I have had 3 electronic noise machines in the past 18 months	 but since I bought this	 it has been going strong nightly and a few hours during the day when my son takes a nap.<br /><br />You will not regret this purchase. And we are going away this summer with friends so this will also be making the trip as we like our sleep while some of my friends like to stay up a little late :)<br /><br />Nov. 8	 2012 update- still going strong with use every night for the past 19 months.  Great machine."	[]	B000LQI2S0	B07FTK5DWF	AGEJVLC6MY7PNGSYII5ZTJWSEWYQ	1309292552000	0	True
4.0	Basic no frills scale. Reads well but needs adjusting ...	Basic no frills scale.<br />Reads well but needs adjusting inbetween to assure accuracy. Worth the price especially if you have Amazon Prime.	[]	B0014JVJQK	B0014JVJQK	AHK75SROK6QLD5FZ6RSUCBX2KQCA	1470876357000	0	True
1.0	not worth the money	the product did not get hot enough to curl my hair. It only got warm. After the second time trying to use the product it stopped working.	[]	B07MD77SK4	B07MD77SK4	AE4RHAI3WFFA7RUEKGGUQ6OLJPLA	1568136258564	0	True
4.0	good	"Overpriced to be sure	 but I needed one to run continuously and this one works great. Could have a bit more volume control	 but overall I'd highly recommend it."	[]	B000LQI2S0	B07FTK5DWF	AH5N4XPX6FREPJCB36ALT3GXGPFQ	1365957187000	1	True
5.0	My new favorite thing	"This was a splurge	 but I love Van Gogh's Almond Blossoms	 and I really wanted something to motivate me to keep up with my pills and supplements	 because it's a struggle for me to do so. I disconnected the strap and stuck that on my keychain so that I can keep the case on the counter	 and connect it to-go whenever I need to travel with my pills.<br /><br />The case feels really sturdy & good quality. It doesn't seem like it will fade or crack too much	 but that may depend on use. My favorite feature though	 is that each daily compartment is easily removeable	 so that you can just put a section in your purse for the day	 rather that carting around a whole portfolio of supplements."	[]	B08227J4HR	B08227J4HR	AEVMCAHMCK56POX5ZEO3YBAVLOFQ	1602544552804	0	True
5.0	Thank you	Arrived on time and go perfect with the quinceñera colors.	[]	B07D7J2KNV	B07D7J2KNV	AFHEBW3AJ6E32GXCJ5FJ4WSJE4VQ	1614235208441	0	True
5.0	30 second toothbrush is two thumbs up!	"This product looks a little strange	 but it works great! I am able to get my teeth brushed more properly with this than the hand held brushes. I am a total fan of this product!!!"	[]	B00WRANAL2	B00WRANAL2	AFLVMQ5O6VNDM4UMEMZI43UJZNSQ	1471980790000	1	True
3.0	Bag	More flimsy than I expected but size was right.	[]	B01MAXX758	B01MAXX758	AGLR532FM42VP5CTELTMI63BC4LQ	1483988770000	0	True
5.0	What you are looking gor	Exactly what you want.  Great quality.	[]	B07XMBBC91	B07XMBBC91	AFOIMFILUIWJA6EZFINXZ6OWD5VQ	1578975497149	0	True
2.0	Not impressed at all...	"I ordered 4 of these to give as gifts to my friends and was expecting gorgeous stones like the ones depicted in the pictures - ALL 4 I received are very blah. Totally disappointed - I feel it was $75 wasted and I just can't see giving these as gifts	 would be too embarrassed....I wouldn't have spent more than a buck or two each if I'd seen in person	 but truthfully would not have bought any at all if I'd known they would look like the ones I received. Sure they are polished/shiny but they have barely any of the variegation - barely any orange or turquoise as shown in the pictures - more brown/gray then anything else. Totally bummed -"	"[{'small_image_url': 'https://images-na.ssl-images-amazon.com/images/I/71TNPBK7IOL._SL256_.jpg'	 'medium_image_url': 'https://images-na.ssl-images-amazon.com/images/I/71TNPBK7IOL._SL800_.jpg'	 'large_image_url': 'https://images-na.ssl-images-amazon.com/images/I/71TNPBK7IOL._SL1600_.jpg'	 'attachment_type': 'IMAGE'}]"	B001NA099I	B001NA099I	AGC53ZI6CGS6GXBJEHPS4G2I3SCA	1422322294000	0	True
1.0	Didn't last two flights	"The product worked well on the first trip from the US to Paris.  However	 on the return flight	 one of the straps broke loose on one side and the other strap is almost torn off with only the weight of my feet on it.  It also has to be placed &#34;just so&#34; on the tray table frame or problems ensue.  Also	 be aware that you have only 30 days to return it; I bought it in time for my trip and came back a day before the warranty is up	 so there is no refund."	[]	B01G1ANFQ8	B01G1ANFQ8	AEDL4KLIS7SNSTOECLTAWSHSHEPQ	1477446901000	1	True
5.0	Great	Made my work day pain free and nighttime leg cramps almost disappear!	[]	B07L9XB3HT	B07L9XB3HT	AG7357PPHVLQHBP7R53T2ABIDPCA	1557517536058	0	True
2.0	Two Stars	I did not receive the cobalt blue bottles when I got them they were clear.	[]	B00WRPIB5W	B00WRPIB5W	AFZUYXO3QOZLHP3KGZ5FQXY6W7UA	1475106784000	0	True
5.0	Cleans lenses thoroughly so they're comfortable	"Great for gas perm lenses because the soaking chemical neutralizes and you're not putting it in your eyes. Lenses are clean and comfortable. I add a drop of rewetting drops when I under my lenses	 but it's not necessary. I only wish the cleaning case was still all white - the blue plastic makes it difficult to see the blue lens."	[]	B004O2A29E	B08KBQNDJC	AE4P2PYE5WC3HW7Q5PRW6CDLWPOQ	1614568262716	0	True
1.0	DRYS WAY TOO FAST!!!	this product dried so quick it is very hard to work with. Spend the extra couple dollars to get an easier to work with latex	[]	B011X3C8CK	B011X3C8CK	AFPMRCPWLX5UZXZVMCIQDGV4YCMA	1540344128470	0	True
5.0	Fits in Vistaprints Adult Large Masks	these fit great in vistaprint adult large masks	"[{'small_image_url': 'https://images-na.ssl-images-amazon.com/images/I/813JjtVVkWL._SL256_.jpg'	 'medium_image_url': 'https://images-na.ssl-images-amazon.com/images/I/813JjtVVkWL._SL800_.jpg'	 'large_image_url': 'https://images-na.ssl-images-amazon.com/images/I/813JjtVVkWL._SL1600_.jpg'	 'attachment_type': 'IMAGE'}	 {'small_image_url': 'https://images-na.ssl-images-amazon.com/images/I/C1YgSjmAYlS._SL256_.jpg'	 'medium_image_url': 'https://images-na.ssl-images-amazon.com/images/I/C1YgSjmAYlS._SL800_.jpg'	 'large_image_url': 'https://images-na.ssl-images-amazon.com/images/I/C1YgSjmAYlS._SL1600_.jpg'	 'attachment_type': 'IMAGE'}]"	B08LT3Y61L	B08LT3Y61L	AG54CRUWPXEBQIIEERMRN5MWSF2Q	1608859494516	19	True
5.0	... taking these for a couple of weeks I felt like I do get my energy back whenever I am ...	"After taking these for a couple of weeks I felt like I do get my energy back whenever I am feeling down and out of it. or supporting cellular health & energy.These capsules do exactly what they say they do	 they support a healthy cardiovascular and immune system.  So whenever you feel like your getting sick or out of energy just take some of these capsules and you should get better in no time."	[]	B00PHDEF0G	B00PHDEF0G	AGSDOXNXQSXWLBMTPS25NNPUK7DQ	1418088658000	0	False
5.0	Five Stars	"Wonderful scent!! It worked wonderfully in my soaps	 bath salts and lotions!"	[]	B00ROPHPAC	B00ROPHPAC	AGK35IZ3QBOQZDAGU6KS46E7J46A	1483674491000	0	True
5.0	Yeah! No More Shots!	"I was diagnosed with pernicious anemia 16 years ago so I MUST supplement. This product corrects the anemia	 gives me energy & keeps my blood levels nice & high without me having to get those painful B12 shots."	[]	B00P1O8SLS	B00P1O8SLS	AH4AWDVZCZ4FZ377VKQ4FI3VOWRA	1470609651000	0	True
2.0	rendering them useless for scrubbing anything more than a small area	"Their stretch is momentary	 rendering them useless for scrubbing anything more than a small area. Plus	 the squared-off shape and slippery texture doesn't let the sponges do much more than flip around when trying to work a flat surface of the body."	[]	B01546BT2M	B01546BT2M	AHIPTTMIBXAUESGFCWQO4GL6VSNA	1500760756278	0	True
5.0	Make mine an Old-Fashioned!	"Large mouth	 easy to fill. Nothing like an old-fashioned hot water bottle to chase away the chill in the sheets before bedtime	 and with two	 my husband can have his own!"	[]	B06ZYS1351	B06ZYS1351	AGMEUUTH5B3VVITBAESZW5LGA3NQ	1510857264116	0	True
5.0	Excellent product	"My doctor’s office used this when I went for a clogged ear	 which cost way more than this product. Every few weeks I use it as a preventative measure and am shocked by what it gets out."	[]	B07B68DPMT	B07B68DPMT	AGB3CREZIXFOVXO3YNARFLXEW4NA	1535325758380	0	True
5.0	Clipper as advertised!	NIce Crisp Cut!	[]	B013DFUSB4	B013DFUSB4	AF3I2JTT7CN7ZMHUQMQGABXFL5SQ	1452559753000	0	True
2.0	Not for small dogs at all	"Impossible to clean and I ordered small and there was no ways my dogs could chew it.<br />This would be awesome for large dogs like labs	 huskies etc"	[]	B093DSSXKW	B093DSSXKW	AEJEBSHPI2PZPWHJLHTVVDKMOMMQ	1646228589241	0	True
5.0	Si es bueno y buena calidad	Si funciona 10 estrella	[]	B09NNFCXKP	B09NNFCXKP	AGQ3RCXSPSBKS2BZ5PVQ7VQJHFCQ	1648342488597	0	True
5.0	Beautiful Scent!	"I first smelled this perfume at a friend's house. She had a little sample	 so I tried it on my skin and it smelled so good I loved it!  I loved it so much in fact that I looked for it in every department store	 but NO ONE had it or ever heard of it! I was very surprised! So I checked out the website of Lumar Beverly Hills and they only sell it online but very expensive.  Well I did end up getting this perfume today and I tried it and it is really great! I can't wait to wear it when I go out and see how many compliments I get.  It's a very delicious perfume with scents of rose	 jasmine and sandalwood.  I've had it on my arm for a few hours now and it's still just as nice and strong.  This perfume is a great buy! I hope to get more of this perfume once I run out because apparently it is not available in any store.  You can only find it online through Amazon or other websites. Even wholesale perfume suppliers such as Fragranza do not carry this perfume! I wonder why it is so hard to find. But get it and you will love the scents! It gets better as it stays on the skin. :)"	[]	B0013H46TA	B0013H46TA	AF4526Z525EKQXL3UTU3GERHDZ2Q	1307599366000	2	False
5.0	Buy this!	I noticed hair growth with one bottle! Works great!	[]	B00FZIUHL4	B00FZIUHL4	AH5T3QN3FTQTEXPMHWATRDGNULLQ	1453417984000	0	False
5.0	... works as advertised and the key chain is really cool.	Totally works as advertised and the key chain is really cool.	[]	B00478UIB2	B072NHL9JQ	AEIVM5NXM4FXRUXBMST7EW2NFQIQ	1440646640000	0	True
1.0	Does not work	Don’t waist your money<br />Doesn’t work at all	[]	B00JJJMR2C	B00JJJMR2C	AEFD7V2RNO42THC2IX46ULWYS7DQ	1571445143732	0	True
3.0	They Are Tiny	Too small for what I needed them for but I'm sure I can find some way to use them up.	[]	B08C5D944Z	B08C5D944Z	AFGRSHUHCPC4WKZM4BD2XOUS7THA	1615409476182	3	True
5.0	Perfect white noise	"We live on a golf course where they start mowing at 5 am. Since purchasing this wondrful little machine	 I don't hear them anymore. This will travel everywhere with us from now on."	[]	B000LQI2S0	B07FTK5DWF	AGRQ7BMQXBNUEMQCZTMRZJOFRUIA	1367340441000	0	True
4.0	"Works well	 but don't stick very long."	"They work well	 but they do not last. I have gotten about 2-3 weeks from them before the silicone coles loos from the adhesive. Theybjust fall off or stick to your nose when you take the glasses off. The adhesive stays on the glasses nose piece. It is easy to remove and reapply another	 good thing it comes with 24!"	"[{'small_image_url': 'https://images-na.ssl-images-amazon.com/images/I/61KC05auSfL._SL256_.jpg'	 'medium_image_url': 'https://images-na.ssl-images-amazon.com/images/I/61KC05auSfL._SL800_.jpg'	 'large_image_url': 'https://images-na.ssl-images-amazon.com/images/I/61KC05auSfL.jpg'	 'attachment_type': 'IMAGE'}	 {'small_image_url': 'https://images-na.ssl-images-amazon.com/images/I/61OJbspa1hL._SL256_.jpg'	 'medium_image_url': 'https://images-na.ssl-images-amazon.com/images/I/61OJbspa1hL._SL800_.jpg'	 'large_image_url': 'https://images-na.ssl-images-amazon.com/images/I/61OJbspa1hL.jpg'	 'attachment_type': 'IMAGE'}]"	B07V23QYYC	B07V23QYYC	AHH2SZPCWXIWN3LZRYQZHIKBP24A	1572386131806	0	True
5.0	Five Stars	"Tastes good	 easy keto meal replacement"	[]	B01KI0HU4K	B01KI0HU4K	AFB3B3HSF75L27N6CLUGZOM7M67Q	1479693667000	2	True
1.0	Flat	"It isn't round	 it is mostly flat. It's a pain to get the vibration started for my 9 yr old. My daughter is a huge sensory child	 I thought this would be great for her and there's nothing she likes about it. It is not well made. They need to figure out a better ball and the vibration on it."	[]	B09DZZ4BTY	B0BBSFXYP5	AEHZBUFEOW4TY3K4IYFFR5ZU5B3Q	1650119819120	0	False
5.0	Great product	Love this! Makes us all feel more secure! Came fast!	[]	B08464P1LK	B08464P1LK	AHOFAJ3PH3FUMFUHSSBZZ5KFNV7A	1587720920128	0	True
3.0	The older version was better.	I prefer the older version.	[]	B07P183DHZ	B07P183DHZ	AGDKRYA64B76CWOVPXIOSSIBSMHQ	1581286971487	0	True
5.0	Great!	Perfect little bags. We used them in our donation toiletries boxes to wrap up the new White tee which fit perfect. Definitely will order again if I can think of a reason to need them lol	[]	B01FEDNYQ4	B01FEDNYQ4	AHKCTNRIEZPK2EZSTZU3BO26PXSA	1494177981000	0	True
5.0	Great Products!!	"Sleepmates are mechanical and better for sleep than my Remington with a dozen noises and light that comes on slowly for pre-wake.  Hard to beat a sleepmate	 original name from Sears since 1970's."	[]	B000LQI2S0	B07FTK5DWF	AF2HEXYRISVH3IRLVBPLHLZUE7RA	1601496139659	0	True
3.0	Good idea-but clippers not stable .	Needed to adapt this for a patient of mine. Also needed to get wider jaw clippers.	"[{'small_image_url': 'https://m.media-amazon.com/images/I/717jf4DlzUL._SL256_.jpg'	 'medium_image_url': 'https://m.media-amazon.com/images/I/717jf4DlzUL._SL800_.jpg'	 'large_image_url': 'https://m.media-amazon.com/images/I/717jf4DlzUL._SL1600_.jpg'	 'attachment_type': 'IMAGE'}]"	B08N5P46K3	B08N5P46K3	AESID4KVTIWAN453RE2RHIHRMWXQ	1683218981604	0	True
2.0	Not what expected	"They were all different sizes	 most just chunks. Only about 2 or 3 was what I thought it’d look like. Then there was a big pile of powder in the bag like a chunk of them from grounded down. I can only use a couple as a gift and will probably have to crack the big chunks into what I actually was expecting."	"[{'small_image_url': 'https://m.media-amazon.com/images/I/71lczRmjK3L._SL256_.jpg'	 'medium_image_url': 'https://m.media-amazon.com/images/I/71lczRmjK3L._SL800_.jpg'	 'large_image_url': 'https://m.media-amazon.com/images/I/71lczRmjK3L._SL1600_.jpg'	 'attachment_type': 'IMAGE'}]"	B076B6GZVC	B076B6GZVC	AF7TYZ6Q4M3AQ2PVBTUTON47MKEA	1637811845200	1	True
4.0	Four Stars	"still working with it	but it will fit find"	[]	B01BGCU7XA	B01BGCU7XA	AGKMWW347NEWKIAZ2YI2MMYXBHWA	1477971268000	0	True
5.0	Great for teen boys	I was having the hardest time getting my 17 year old to shave for school a few times a week. I got him this and it has helped so much! Now to buy another one for my 14 year old son:)	[]	B0BL77NZTD	B0BL77NZTD	AFZ4TUILV4MAVPTXUSDTNIQZETUA	1679971060751	0	True
2.0	pulls away from hose easily	"It would have been perfect	  but if you tug at all	 it falls off of the main tubing."	[]	B09KLFKV3R	B09KLFKV3R	AHRIK5RRCA4SJ6EEFH72TOG3GYNA	1641601087734	0	True
5.0	Five Stars	Never without it!	[]	B0002DU87U	B0002DU87U	AHTGJLP7366JNFLQEVPX7RBCBALQ	1459273888000	1	True
4.0	Works better than a shave gel or cream. The Green Tea has a better scent though.	"This product works great. It is not magic though	 so make sure you are using a new razor to prevent razor burn as well. It works much better than a shave gel or cream (Skintimate etc.)	 and leaves your skin extremely soft. This is not my favorite scent out of the bunch though. The green tea one smells better."	[]	B003VWNH54	B008DWDSQU	AFJ37CVKPZBTPBPAUV2L5EU4XJ4Q	1431028443000	0	True
5.0	Five Stars	Easy for e to keep track of my blood pressure	[]	B01MSIH72J	B01MSIH72J	AF77DXXGAWKUZGJQNJJFG5QRSHTQ	1488990219000	0	True
1.0	Does not fit	This is an amazing item. But ordered it for myself and one size fits all is wrong. I am to small for it. And does not fit my boyfriend.	[]	B07YDRNVTL	B07YDRNVTL	AE2T6U4MIQV46TDEYLEY2N4W55SA	1591037634759	1	True
3.0	Can't tell if it helps	Can't tell if it helps	[]	B00GRZSJCS	B00GRZSJCS	AEZPRNL4W7T5PHQTWO65GAEMH7UA	1409170433000	0	False
5.0	great product. great price	A My android phone was constantly dead. I purchased two of these chargers. A small cost to pay for a charger that works faster than the charger that came with the phone. I have one at the office and one at home. I purchased an extra battery too. The charger also has ausb port which allows you to charge the battery in the phone and the spare at the same time.	[]	B00NEWFBSW	B00NEWFBSW	AE2CUC2DYLBE6OQJQ3HJRJNP6XYQ	1464779884000	0	True
5.0	Coconut yum!	This is a fantastic way to spruce up your plain water without all the chemicals. Makes you feel as though you are vacationing somewhere tropical. The best part is you can make it as strong or as week of a flavor as you want.	[]	B00ML7I1A6	B09XFC1X43	AFT7W5RTBPPWNTJ4WXMRRXSU5IFA	1441924689000	7	True
5.0	"If this is the battery you need But don’t need 10	 Buy it!!!"	Lovely lithium product. Can’t wait for the plutonium edition.	[]	B0084UBZW0	B0084UBZW0	AE7S2TIXQOL6VZNUMKELNTEX6BIQ	1597288380735	0	True
5.0	Easy To Access Container and Great Taste!  Organic too!	"Since this is the only yacon syrup I've tried	 I can't compare it to other brands. It is not thick like molasses if that's what you are looking for	 but it isn't super thin either.  And	 I think it has a great taste!  I decided on this brand after spending a LOT of time reading all the other ones' reviews	 and decided on this more expensive one primarily because it is organic AND has an easy-to-access opening.  Reports of having a terrible time getting all the syrup out of the thin-neck bottles	 is what made my final decision to choose this.one.  So far	 I've had it about a month and it is still a nice consistency and a teaspoon is enough for me. Yes	 it's expensive	 but the nutritional benefits	 low glycemic index. and recommendations with Keto dieting was enough to win me over.<br /><br />I wish more people would review this product	 as it is not getting the Amazon marketing the best-sellers get."	[]	B00EJH28VE	B00EJH28VE	AGXBI4NVWSWFR6XLMMCVDACY5KDA	1485708179000	2	True
5.0	Easy to use!	Bought this for a non mobile patient and we both loved it.  Easy to use and to drain.  Highly recommend.	[]	B08DG5RXB4	B08DG5RXB4	AHAAW25QWYCFSDT2ZLG6MWYDANQQ	1642635352700	1	True
5.0	These are better than the stupid 50%-more versions	This 52-tissue box is unavailable in stores....only Amazon. Puffs came out with a stupid 50%-more box that doesn't fit the holder boxes and is impossible to pull tissues out...have to waste most of the 50%.	[]	B07HSF5HTX	B0BSRPX53Z	AFEPF3JK2QHR7HCMNCDJY7WMNQOA	1620332811524	0	True
4.0	Did the job	I had surgery on my good hand. This worked well once you try. Great item for the price.	[]	B0832G43YJ	B0832G43YJ	AERACHRJVKANPD7ND4J3IZIS7VUQ	1658329675811	0	True
5.0	Use this brush with charcoal powder for white teeth!	"Slightly more abrasive than I wanted (since I have sensitive gums)	 but it does the job along with my charcoal tooth powder. Day 3 of use and my teeth and noticabley whiter and cleaner. They feel clean too!"	[]	B083NZJLPW	B083NZJLPW	AGM3T4IUYFUTHZAT2GVKGWV5FDWA	1584105959022	0	True
5.0	Love them!	"I always have a very hard time making my kids brushing their teeth	 this makes brushing fun and attractive to them."	[]	B08T1PL231	B08T1PL231	AGLM4RIN4ZRZ4WDAOWBILISKHDVQ	1679633559337	0	True
5.0	So much needed product!	"It really fit the description.  I love the fact it has magnets to hold the 2 pieces together. Just be careful when you assemble it	 read the directions 1st."	[]	B08QMS8GZW	B08QMS8GZW	AFOXP2FVI7JUDV6HVRVZDO22YOMA	1614659853116	0	False
5.0	Five Stars	Great roller bottles! Will be ordering again soon!	[]	B00WRPIB5W	B00WRPIB5W	AHPJGDJL6P3SBW24JZKI7JDKGLYA	1439248367000	0	False
5.0	It repels misquitos!	Great stuff	[]	B073Z7JCKW	B0B4328BFW	AEJCT5SZQQ7ZSJLNVFXNUQ45G7ZA	1563453164294	0	True
1.0	Get healing not achieved. Low quality product.	Used for gut healing and it did not work. Will not buy again.	[]	B07FXHCHK4	B07FXHCHK4	AF5N2KCXFXDNZGVXFZ7SUPGMRJ6Q	1550518670224	1	True
3.0	Poor	There’s no difference between 2.50 and 3.50	[]	B07KKJ7QDS	B07KKJ7QDS	AEK5XKHUVVVVZT22VXJNLS53RFIQ	1594585719493	0	True
5.0	Excellent mat cleaner	Exactly how described.  It is unscented and does a superb job of cleaning my mat!	[]	B00XQBHJEK	B0C1HHXQ94	AF62MDZ2DRGGKQGP72HPQZA3EUTA	1478111890000	0	True
5.0	Five Stars	good product	[]	B009R32C0C	B009R32C0C	AH3DYDB4S7DLFNIW5BMJEZ2MA6LQ	1427197754000	0	True
5.0	Needed a replacement for my Cannon SLR camera	Hard to find these types of batteries for a SLR camera.  It works well.	[]	B00009QJW6	B00009QJW6	AEUJRBKJVB4W4HAY6Y6GHZT47TMQ	1678903139193	0	True
5.0	I love it !!	"I LOVE this stool. Believe it or not I purchased it to assist with my recovery from a knee replacement	<br />It's perfect !!"	[]	B000E24IZM	B0BFKFXXWK	AGX6S5FDZ5OQORDWLA7TS3WZ4ORQ	1362211238000	0	True
1.0	Not like a pound or two---more like five---so it's a nope	"No everytime I step on it	 it tells me something different.  I could step on it	 step off	 back on	 etc	 etc	 --all day and its going to tell me something different.  Not like a pound or two---more like five---so it's a nope."	[]	B0014JVJQK	B0014JVJQK	AHWLBZQRBWAFVAHAHQG6VFL5RHZQ	1460091379000	3	True
5.0	Five Stars	Great Product.	[]	B00B1XKN52	B00B1XKN52	AFGSDDPOKY52PUXUBCCRGWWPPC5A	1530915725231	0	True
4.0	Four Stars	Great	[]	B00P8NCUH0	B00P8NCUH0	AGY2XMOBY5D6J4TORP7KJHXC2PYQ	1429583854000	0	True
5.0	Very helpful	It’s very easy to use	[]	B07MZKHNMM	B07MZKHNMM	AEY66RION5NYE7JJGYKNZYI45INQ	1559629196548	0	True
5.0	Complete Game Changer!	"Love this device!  I’ve had trouble with background music drowning out voices in shows for the longest time and the Tv streamer has resolved this issue.  I had an issue with my tv and thought it was the streamer	 reached out to seller and they were very helpful! Easy to install and control from the Resound app."	[]	B00HXQ6F6M	B00HXQ6F6M	AECR3LHXKURKHUPHCEXOV7FWLQGQ	1676652555189	1	True
5.0	does what's advertised	"took a few tries to get the hang of wrapping the band with one hand	 but works well if kept in a spool as you go instead of unwrapping completely before starting"	[]	B01N0WFY0T	B01N0WFY0T	AGBXWQ2LTCWOAU36NCEM3BO53AKQ	1555710242076	0	True
2.0	Whole pillow doesn't vibrate just disk inside on one small area	I like the texture of the pillow its nice and fluffy and cute. The problem I have is that in only vibrates in a small area where the disk that is placed  behind the zipper pocket inside the pillow. I was expecting more of a full vibration when pressed. The pillow is alright though. Not worth the money in my opinion which is just that an opinion.	[]	B09DZZ4BTY	B0BBSFXYP5	AEOOB5HXD7HWMDNG4QSXO7TIM6CA	1646604535619	0	True
5.0	Five Stars	My daughter loves her bracelet!!	[]	B01MS6XDS6	B01MS6XDS6	AE4IDFYHVGVZZ45HK7RRPSS4EMWA	1496424053000	0	True
4.0	It works	It helps with the pain of my foot.	[]	B008AEU832	B0B1NPJCX1	AH6JLJ7LWZNYIHE6HKL3KT7YD2QQ	1577854577253	0	True
5.0	Great quality	These will work perfectly to resole my beloved Swedish clogs. Very happy with the quality and thickness of the soles and heels.	[]	B07KDWFQ26	B07KDVRDTK	AHB2YAQ6UNQ4G7FNCZFOQPXKXSCQ	1558132980909	2	True
1.0	One Star	"Too stiff	 not what I expected"	[]	B01NAKSSW4	B01NAKSSW4	AEKDWU6HABMJEGM6X4YZRGO3RZYQ	1498157419976	0	True
5.0	Very helpful and great therapy lamp.	"This is great product and i am using this almost every day for 30-45minutes ever since i got it. My office room has very small window and i needed light specially therapy light. This is the one	 very effective for boost your mood. Recommended."	"[{'small_image_url': 'https://images-na.ssl-images-amazon.com/images/I/915TMfP+WoL._SL256_.jpg'	 'medium_image_url': 'https://images-na.ssl-images-amazon.com/images/I/915TMfP+WoL._SL800_.jpg'	 'large_image_url': 'https://images-na.ssl-images-amazon.com/images/I/915TMfP+WoL._SL1600_.jpg'	 'attachment_type': 'IMAGE'}]"	B08RYHTH1B	B08RYHTH1B	AFIHXEPHXULPNVVGIE4MTZLIDLHA	1617947576324	0	True
5.0	Works Great!	"So far	 it has worked great.  It was much cheaper than purchasing a brand new one when only nozzle part wasn't working.  Not sure how long it will last but it has been worth it."	[]	B01ADQS1CO	B01ADQS1CO	AHHIUUGBNC4RFCQLSF37JDFX4UDA	1632924933305	0	True
5.0	"George Foreman's Pain Relief works great	 does not have an unpleasant lingering odor!"	"A soothing pain-lifting lotion that you can use before going out as odor is not too strong. The product begins working immediately on your sore muscles and leg cramps	 allowing you to continue daily life without lingering soreness!"	[]	B07Y8VTPJ8	B08HHPDD7T	AHQNIKDNPRG2VKRWCQ5HTZWMFXWA	1632769592028	0	True
5.0	Helps with plantar fasciitis and foot and ankle injuries.	Helped tremendously with tendinitis of the heel and plantar fasciitis. My husband was able to put weight on his foot and walk around with this brace.	[]	B07MFSSXGR	B07MFSSXGR	AHGLNR4LMAYZ5AO26G5T237IUH3Q	1581996885330	0	True
2.0	Not Interested	I did not like them and I don't think they were the ones that were advertised for.	[]	B07P1KG7P1	B07P1KG7P1	AFDDETEZDFENHVAFWC62ZIE6FCFQ	1579564076995	0	True
5.0	Great quality! Great taste!	"We have never felt better after taking these greens consistently! It's great in smoothies and even the kids like it! So thankful for this quick and easy supplement to keep our nutrition up. It also has a sweet grassy taste to it	 which we like!"	[]	B00D6NXVRC	B00D6NXVRC	AHDEKJIFDB4JCCUO3X6O6LNNEKQQ	1457558343000	1	True
2.0	Powerful Flosser with Poor Ergonomics.	"This water flossed works like others I have owned but its ergonomics are poor. Most significantly it has a stiff slide on-off switch instead of a button	 which is much more difficult to operate. Since I turn have to turn the device on and off several times for each use this is a big negative. Most others have three intensities for water flow	 again push-button operated. With this device water velocity settings are changed by using a different nozzle. (Four are supplied.) This makes it inconvenient of you want different velocity for different parts of your mouth. The motor seems powerful enough and the battery keeps the flosser operating for a week or more	 but the charging port is on the bottom rather than the side of the device	 meaning that it won’t stand upright when it is charging"	[]	B07RLKQ9RY	B07RLKQ9RY	AHRRYJQYSHPR4XEVZKUISVDTIESQ	1576814488168	0	True
1.0	Didn't do anything for me	The things attempt to speak English is hilarious. But I found it to be annoying rather than relaxing.	[]	B08V8R4PFR	B08V8R4PFR	AET7V2MJTOPZSV4ED2FAAC6EGFQQ	1630600854451	0	True
5.0	Five Stars	works very well	[]	B009ACH6BK	B009ACH6BK	AF4TWYEDB6TNW3YLRHJRSQPKQGLA	1416967480000	0	True
5.0	"Great product	 good price!"	"I recently got this	 so I can't say too much on whether or not it's truly working. But I notice that I've been waking up much easier and not feeling as sluggish throughout the day. I would recommend this!"	[]	B07JMHJQVF	B07JMHJQVF	AE4YLIHAUFMPJAFGEDSHN4QGAZZA	1548889875783	1	True
4.0	Magnet fell off	"This should serve the purpose for which I bought it	 but the magnet fell off the back less than 24hrs later."	[]	B083LT9Z7T	B083LT9Z7T	AEOE23BH25P4DVWX5XQGXMH3OVIQ	1588371207096	0	True
5.0	great quality	Great quality product full of herbs that are so good for you.  This product is top notch and does what it says it will do.	[]	B0015KGYAE	B004NR0J0C	AE6WW4EK2ORGV3QTRMWWVQGDJVGQ	1403793918000	7	False
3.0	Useful only for minor scratches.	Product does not cover any scratches that go through the paint and does not cover the white undercoat.	[]	B001FOLMXO	B001FOLMXO	AHL2GG4EWL7SIY2VIRSXXHL5RB3Q	1631626309674	0	True
5.0	health.  I highly recommend this to anyone that has health issue.	Arrived on time.  Very good for health	[]	B08MCQWVP2	B08MCQWVP2	AEGLVXYEXZYKQJDLRNUU3UOOMETA	1624149602650	0	True
5.0	5/5 great for home use!	scissors feel really good for amateur at home cutting jobs and i have no complaints at all!	[]	B01FOURXSW	B01FOURXSW	AH6QHBGNTNDM6U7MSCJTRAB2YUAA	1481025489000	0	True
5.0	Love it	"Loved this! I wondered how I would like it	 my hair was dry in less than 15 minutes	 I wasn’t sure how long to wear it so I probably wore it much longer than necessary. It doesn’t have instructions but everything is self explanatory. There’s a snaps so it stays on	 and a travel pouch it comes in"	[]	B08CGFFGMJ	B08CGFFGMJ	AHHTS4TQXCRJ6E3CCY2M4CEEZ6TQ	1602631621483	0	False
5.0	Quality	I’ve tried several sea mosses and this is by far the best one I’ve tried.	[]	B08L8W27LX	B08L8W27LX	AE7YKGCENWCNB37ABCCMJ4DGI43A	1678287267513	0	True
5.0	Reliable	"Accurate	 reliable testing strips.  I've been using them to keep an eye on my PH level as I'm working to keep my body alkaline.  Fast	 clear results"	[]	B004U1PHJY	B004U1PHJY	AEV443AMXVN3E7Y3TE3GXVWSNLIQ	1430937646000	0	True
5.0	Try them!  You will LOVE THEM!	Love these glasses!	[]	B00WUMV4O2	B00WUMV4O2	AE3CE5CXSKQXPV6RIT6XFP4LM4OQ	1435606088000	0	True
5.0	good worthwhile purchase	"I have to give this product some time before i can write a truly honest and unbiased review but...<br />1) one major thing I've noticed is (potential) effect on testosterone. I've needed to take topical T because of another RX drug that basically obliterates T in men. After using the 'skolin for a little while my serum levels went up on my last test	 and not by an insignificant amount. those who read up on this kind of stuff know how critical T is to male (and female health	 i think)	 everything from eradicating depression	 to weight loss	 to the general health of body systems (and even slower aging due to protecting these systems from damage and decay). So	 for me	 it is a big deal. Correlation is not the same as causation so i cannot tell you that the 'skolin had anything to do with it	 but the timing is interesting and it will be good to see if i can reduce artificial supplementation.<br />2) i started working out again after letting myself go for a while. i began before adding the forskolin so again	 i cannot yet ascribe the gains i'm getting to the product itself. But i definitely have the motivation to do either cardio everyday	 and weights when appropriate.<br />3) no side effects or anything negative to say about the product. i need to give it time but it's definitely piqued my interest	 causing me to read up on it more and more (checking out Google Scholar	 etc.) and I see absolutely no reason not to carry on with the product.<br />I guess you can update reviews as you go along so	 if that is the case	 i can leave more info as i get it."	[]	B007V80D3S	B007V80D3S	AFNL76ZYME7VZWTKIAVQ3LY2BBNQ	1360796643000	1	True
3.0	... any blackheads but step 3 made my skin really nice.	They never dried enough to remove any blackheads but step 3 made my skin really nice.	[]	B00ZTQV4T6	B00ZTQV4T6	AHXDXIDTUCDQGAUWBF72O2QDJN6A	1488552257000	0	True
2.0	Disappointed	"I could not tell any difference.  Cervical and lumbar spine pain	 RFA	 facet injections	 pressure point injections	 epidural	 patches	 otc’s	 essential oil’s	 TENS unit	 CBD.  Nothing works."	[]	B01HBZM810	B01HBZM810	AFBSJ4A7H5C2DQWKJERN2U5OMGFA	1623152026491	0	True
4.0	Very nice all-around trimmer.	"This is a nice trimmer	 as trimmers go. It is more comfortable than most trimmers	 as you never actually feel the blade. So they did a good job of making sure that the tip had no harsh edges. Instead	 the round design gives a very comfortable trim. It  has a light and seems to be pretty powerful for a small design. The overall look of the trimmer is very nice	 and aethetically pleasing. My one criticism	 and the reason this is a four star instead of five	 is that the slider to turn the trimmer on is very slick	 and doesn't seem to want to move up to turn on. So I normally have to push from the very bottom to get it to slide on. This slider should have a rough area on it	 to provide traction for turning it on. It's pretty easy to turn off from the top edge	 but turning it on take a lot more effort. I received this item for free for my unbiased review of this product. Getting it for free in no way influenced my opinion in this review."	[]	B0716ZQJ6P	B0716ZQJ6P	AEWVBZRWHQIFN3N6IPNCSL5HBUIQ	1505321397028	0	True
5.0	Great Product	The flavor wasn't as bad as I expected it to be! It didn't leave a bad aftertaste. Great quality product!!	[]	B01M8L2O6G	B01M8L2O6G	AFNU5QQ2ZXLGTPJSFKMIU4BUMICQ	1555429620554	0	True
5.0	Five Stars	super happy!!  good quality good price.  just as it described.	[]	B06XH6NFTJ	B06XH6NFTJ	AERRAGHDXNQFNVROKF7A55UBJMEA	1518795810970	0	True
4.0	Great customer service	This tooth brush worked great when I first got it but after a couple weeks it quit working. Will not even recharge. Very disappointed.<br />Edit--Although the product was defective the customer service is great. They replaced the toothbrush right away! Thank you!!!	[]	B097CZ8519	B097CZ8519	AEUPIOUTNT5OQEKP5BF5MHTZL2DA	1633821862481	0	False
1.0	the small one is too hard and the bigger one is too mild	I have a pain in right hand hand and tried to use your product to massage it but fouund out that the small one is too hard and the bigger one is too mild	[]	B09F3GMV9C	B09F3GMV9C	AGADO3REUPXG2IWGNQ2RA3VXAMMQ	1638730331296	0	True
5.0	Worst buying	Nice quality. Go 1 size down	[]	B08M5LV7F3	B08M5LV7F3	AEJ7CIBF47QVHVDUWMJDYOKOQNRQ	1623196159751	0	True
4.0	Useful on more than just appliances	"We have a brushed stainless steel refrigerator and have tried a couple of stainless cleaners but were unfailingly displeased with the results - fingerprints cleaned off but oodles and oodles of streaks left	 always. We have 4 kids under 12 so our appliances	 especially the refrigerator	 have layers of fingerprints. Apprehensively	 I followed the instructions and sprayed it on a cloth	 wiped it on the fridge and buffed it off - with pleasing results! There were some streaks left to be buffed out	 but not as many as other products tried. While not ecstatic	 I decided to continue using the product.<br /><br />A few Saturdays later	 I came across the cleaner again while digging through products for my least favorite chore	 the bathroom. I recalled our faucets are shiny stainless steel and we have some exposed pipes that get pretty gnarly looking	 so I and grabbed the bottle. I sprayed it on a rag	 rubbed the stainless and was astonished! I could see my reflection perfectly in the shining faucet! I used it all over the bathroom and soon every faucet and pipe shone as never before! I was ecstatic and will use this product from now on.<br /><br />Summary:  4 of 5 for brushed steel appliances and 5 out of 5 for shiny stainless steel."	[]	B016UFYJUK	B08FK1KMWY	AG6LG2GIB4VRT4DPMQS4XSRU6NDQ	1508953362250	1	False
5.0	Fits Square Cans!	Great fit for the square top rolling cans. I recommend using the rubber bands that are sold sperately to hold the bag in place.	"[{'small_image_url': 'https://images-na.ssl-images-amazon.com/images/I/81GC7QEf4iL._SL256_.jpg'	 'medium_image_url': 'https://images-na.ssl-images-amazon.com/images/I/81GC7QEf4iL._SL800_.jpg'	 'large_image_url': 'https://images-na.ssl-images-amazon.com/images/I/81GC7QEf4iL._SL1600_.jpg'	 'attachment_type': 'IMAGE'}	 {'small_image_url': 'https://images-na.ssl-images-amazon.com/images/I/81HbbAmT3yL._SL256_.jpg'	 'medium_image_url': 'https://images-na.ssl-images-amazon.com/images/I/81HbbAmT3yL._SL800_.jpg'	 'large_image_url': 'https://images-na.ssl-images-amazon.com/images/I/81HbbAmT3yL._SL1600_.jpg'	 'attachment_type': 'IMAGE'}]"	B00O2XXYLI	B00KA8VVVO	AHYN3AL7B77FWMXUYL66L3AS7SGA	1606244065645	1	True
5.0	Work good	Work good...no problem	[]	B07P1RCV2X	B07P1RCV2X	AGH5VLPBKBWDEGHGIIRG6RNVMV7A	1562694539596	0	True
4.0	but didn't relieve soreness like I had hoped	"Moisturized well	 but didn't relieve soreness like I had hoped!"	[]	B008MKBADG	B008MKBADG	AGYTPKEWD6NEYTZUEY7OIP6OHFVQ	1505103932405	0	True
3.0	Might cause irritation of skin	"The massager appears to be well made	 but we did not try it because the surface was rough and my wife would find it irritating. Hd to pay for return shipping."	[]	B07BMRYTQ9	B07BMRYTQ9	AEYKUEWFZOMGUKP3JXVNQXMVV53Q	1554828474918	1	True
5.0	Works great and has reduced Tool change over time!	This fixture is quick and simple to operate!	[]	B071RHDYG1	B071RHDYG1	AGRRAHHPJXFEPEWBN32MJL7CEACQ	1649676198935	0	True
5.0	Works great	The reason I give it a 4 is because the stitching bothers my stump a bit but overall good.	[]	B012OUUU58	B07BN2Y8PV	AE56NTC4AAEAW4X3MMG3O5DAVW6A	1657060744525	0	True
1.0	They are extremely thin	"Keep feet warm	 did not at all	 very thin"	[]	B09F9SGGS9	B09F9SGGS9	AEWGANEMIXZ26TOFTGUWZDLVUFMA	1645996473262	0	True
5.0	Great product!	"I am very happy with The Lounge Doctor Air Inflatable Leg Rest.  It looks durable and made of good quality.  It is very comfortable	 and I love the color.  The only thing missing is the cover.  It would be nice if it came with a cover.  I am in the process of making a cover	 as with time of use it will probably get dirty.  Other than that	 I recommend it.  It is great to use if you suffer from swollen feet.  Thumbs up!"	[]	B00FZZQ5FE	B00FZZQ5FE	AFYUFHFGLZTCK54FMYJXS6BH5GSA	1446223521000	0	True
5.0	Simply the best	No better hands free wheel cleaner.	[]	B0045NZI8W	B0045NZI8W	AHGHVXZEDCXEQO3H7YMT5JIMV6GQ	1550173495077	0	True
2.0	Did not help at all for Teeth and Gums as it claims.	You should research the web before you order this product	[]	B099P3Q2FL	B099P3Q2FL	AHVLF46MLY2LPLRDK7O5LYTCDPZA	1660079625499	1	True
2.0	So many shades of pink	"The item didn't really match	 but it was better than nothing."	[]	B07S98QT9T	B07S98QT9T	AH5DOEN7JNL5NPY6TTZTVNTJ3K6Q	1605932187407	0	True
5.0	no new bites	I haven't used this in years. I remembered using it over 10 years ago(mosquitoes love me). I haven't gotten any mosquito bites since I received it. I use it every day on my legs!	[]	B0001ZWPI4	B0001ZWPI4	AERG6VXAFPT3WIKROOCI4L3GNVTQ	1467756786000	0	True
3.0	Read the packages and check the contents	These whitening strips seem to work ok - I was able to get a couple of shades whiter after using for two weeks.  I don't think all the strips were there and I wish I would have counted the contents of the packager.  I accidentally used the fast acting strips not realizing they were different as the packages look very similar.  I do think they work just wonder how the actually compare to name brands that I have not used.  I used the watermelon flavor and it was not bad.  The strips stick really well when following the instructions.	[]	B0BQ2VSL4N	B0BQ2VSL4N	AEFB5EEILFBWLME3UB5ELOG2HK7Q	1679757151071	0	False
5.0	Great for showering with a catheter.	"Keeps surgical site or catheter area dry. Tape is on outer edge so medical area is protected from water	 but not compromised with adhesive."	[]	B00EK62ZBM	B00EK62ZBM	AGNU367375ZPGVDKZTEGOVMRHNBQ	1646442167005	0	True
5.0	Five Stars	"Best one yet	 my husband likes it allot"	[]	B018J3XZKQ	B018J3XZKQ	AGMNDDMPCO6EBRLJZCMAADQZYCSQ	1509307691399	2	True
5.0	Five Stars	I am so addicted to this!  I wish they made giant bottles!	[]	B00ML7I1A6	B09XFC1X43	AEGOMJ2GTUJ2BPGEZORDBBEWVRQQ	1476368341000	1	True
5.0	Works as well as advertised	I have had smoke buddy for about 2 months now and it has really really cut out the smell of my smoke and as well as the contact buzz people were getting in smaller rooms. I would recommend this to any one looking to cut down on the smell of smoke.	[]	B00478UIB2	B072NHL9JQ	AELM4H7SQEGDFIG6UTYTRYP36X4Q	1392792181000	25	True
3.0	Too sheer	Great packaging. Wipes too sheer/thin	[]	B08683VKC7	B08683VKC7	AEUP7TFUW4I5ICITELZVLD6RPH5Q	1604450032600	0	True
5.0	Love it	Love them. Came with a lot in packages	"[{'small_image_url': 'https://images-na.ssl-images-amazon.com/images/I/71C8em7T2KL._SL256_.jpg'	 'medium_image_url': 'https://images-na.ssl-images-amazon.com/images/I/71C8em7T2KL._SL800_.jpg'	 'large_image_url': 'https://images-na.ssl-images-amazon.com/images/I/71C8em7T2KL._SL1600_.jpg'	 'attachment_type': 'IMAGE'}]"	B07CVTNW63	B07CVVQVTV	AHLCT6MFWXK4Q3S3FJNB6PXSZ64Q	1601651627662	0	True
5.0	I am so glad to find MIYARISAN.	Unnecessary things come out every morning and made me feel energy.	[]	B01AE5WEX6	B01AE5WEX6	AFQMNDZ3VSR4M6T3BNFP6IYARXOQ	1651319828495	1	True
5.0	Five Stars	"I take it every day	 no after &#34;fish&#34; taste."	[]	B00H4HGIQM	B00H4HGIQM	AFBB5TNUIJWMGLJIT4EW7Y6UWINA	1484252606000	0	True
5.0	Faster than my Chi for sure!	"So these &#34;straightener brushes&#34; have been popping all over in Internet ads. I was so skeptical. I have probably thrown away $500 in styling tools that did not work on my hair. I have super curly hair	 and it takes me 25-30 minutes with a Chi! I recently saw a video on Facebook of someone getting their hair straightened with a brush straightener. The results were incredible	 and they were FAST! I finally gave in and decided to try it.<br /><br />The Gisala Brush Straightener comes with a storage bag	 a brush to clean it with	 and a heat glove. The instructions for this styling tool are super clear and easy to understand and read. I was able to start straightening my hair within 5 minutes of receiving the product! I was SHOCKED  at the results. It was absolutely insane how quickly the Gisala Brush Straightener de-kinked my hair! Seriously	 it took me 5 minutes to completely straighten my hair. It was as simple as pulling the brush through my hair. I had faster results	 with less product	 than I have ever had with my Chi. The Gisala didn't pull my hair	 and it didn't burn me. It was perfect.<br /><br />I really love the design of this product. It feels sturdy	 but it isn't heavy. I see a lot of people complaining about straightening brushes because of the weight. It weighs about the same as my Chi straightener. I also love that the cord swivels. Sometimes it takes me 5 minutes to get all the knots out of a styling tool's cord before I can do anything with it. I also love that it doesn't pull my hair. I was concerned about that because so many people complain about little rubber/silicone grips pulling your hair. This brush did not pull my hair at all.<br /><br />My results were so incredible that I posted a picture on Facebook	 and I have already had friends order the Gisala Starightening Brush! He's it is that fantastic! I don't think I have EVER publicly endorsed a product on social media	 but I stand 100% behind this one. It is awesome!"	"[{'small_image_url': 'https://images-na.ssl-images-amazon.com/images/I/8125DULPwbL._SL256_.jpg'	 'medium_image_url': 'https://images-na.ssl-images-amazon.com/images/I/8125DULPwbL._SL800_.jpg'	 'large_image_url': 'https://images-na.ssl-images-amazon.com/images/I/8125DULPwbL._SL1600_.jpg'	 'attachment_type': 'IMAGE'}]"	B01EYDKLDO	B01EYDKLDO	AGOJ45XJ42CHCMELYK7Z6EZNYE4Q	1463552416000	59	False
4.0	Decent insoles	"These are decent in soles	 a little pricey for what they are. Couldn’t figure out all the extra foam pieces that are supposed to be to tailor to your fit."	[]	B08P2W774Y	B08P2W774Y	AEGWKYSMA7JC4SN2E6I7JYM7BQCA	1612123185042	0	True
5.0	Feet	Made my tired feel very soft and relaxed. I love the richness of the cream	[]	B000HX1K18	B000HX1K18	AFAQHG6QBPOFD2LE4BPTZPPZJ7BQ	1635536992322	0	True
5.0	This isn't made out of people!	"Other than the initial disappointment about the contents	 this is a very satisfying meal substitute or weight loss replacement.  Taste is OK	 and it's fairly satisfying.  Get a ratcheting belt to go along with it."	[]	B071F4Z16T	B0BLGM5PDZ	AFELODQC6ZGM774D7DAX3WL4PBNA	1544660109170	0	True
5.0	Five Stars	Does the job well - no bugs on me!!	[]	B0032NNW5M	B0032NNW5M	AF4NNX7WM64QAAXA4EEHL65VQFGQ	1484581421000	0	True
5.0	Great-smooth shave	"I was skeptical when I bought this razor due to the price...BUT	 after using it for a couple of weeks	 I can say that I really like this razor. Don't let the price fool you. The battery life is also very good. My last razor would have to be recharged weekly. Not this one. It arrived with 100% battery and I've yet to charge it and I still have plenty of battery left. I'd buy it again in a heart-beat."	[]	B07MKB4FLS	B07MKB4FLS	AEMFKJPEKPHIV2XUAP5VSZ6YMK3Q	1594810039312	1	True
5.0	MJRedd	"I wear glasses for for reading	 but it costs so much to purchase nice frames in an eye doctor's office.  However	 the frames I usually find in local stores are all shaped the same -- and I don't like them at all.  I was so happy to find these readers online in the cute wayfarer style.  I have ordered two pair over the past couple of years	 and I have really enjoyed the glasses.  My only complaint is that the tiny screws seem to work loose sooner than they should -- but I just keep an eye on them now.  Great price for stylish frames if you are only buying glasses for reading.  Love the site!"	[]	B004TLR76Q	B004TLR76Q	AHRKLBM66J2VLEIZULINYWXC6BTQ	1359262596000	0	True
5.0	Bugs Beware	Works great. Expensive with shipping.	[]	B0001ZWPI4	B0001ZWPI4	AFJXMWMINDJLUJZH7XHQIWUOUNJQ	1532777250737	0	True
5.0	Five Stars	It's so good! I love it! thank you!	[]	B00CN086P6	B00CN086P6	AHNSNKXS6WB4E3UTV4FXHA5YYAEQ	1413589019000	0	True
5.0	Super comfortable. Does not pinch under my arms like ...	Super comfortable. Does not pinch under my arms like other shoulder braces/supports I have tried. It has nice padding and is easy to put on and adjust.	[]	B01EIS61HU	B01EIS61HU	AFBPQHXOWDT2HZGCMUHCXTIBOUGA	1466524043000	0	True
5.0	better than aquaphor	these are so moisturizing not only for your skin but for your lips for sure.	[]	B002OTLNVA	B088LCFKJX	AEL52PO3FITYNQTM7XFC55BMGTQQ	1680478212212	0	True
2.0	Not as advertised	"Ordinary gloves and my hands sweat in them	 don't buy"	[]	B085FVK63V	B085FVK63V	AEPJGZXS73AHBZJFSC7HSUFAYSSQ	1587921149186	0	True
1.0	Five hours off and on trying to get this thing ...	"Five hours off and on trying to get this thing to work. My devices each say that they've connected to the Aria network however	 I cannot get to the page shown in the video and pictures where you enter your WiFi info. The furthest I have gotten was to the page where it tells you to connect your device to the Aria network. Once connected I click continue and the page won't load; I get an error message instead. I really wanted the ability to directly upload to my FitBit account however	 the scale portion works; I think. That said	 this gets a 1 star because of the issue it has with trying to connect to the network."	[]	B0077L8YFI	B0077L8YFI	AFN2GZC6I4D2KHORX4THS7SC55DA	1429321107000	0	True
5.0	"The small circular  dressing can be hard to find	 the bandages are great	 use Amazon"	I used the bandage to cover a small round hole in my ear after the surgeon removed a Basel cell.	[]	B01IAIJF54	B01IAIJF54	AGE5HRJ5QHFWZOLYPANBOXLUIYUQ	1553660123648	1	True
5.0	Best new product!	So good! Best new product.	[]	B0787C4NWF	B0C26471T8	AFNQBTKWBJU5E2FMBMLIH2FJIXXA	1589896403996	0	True
4.0	Clips included are flimsy	The Bandages are quality but the clips are Flimsy. In my order they gave extra clips... u will need them. The teeth bend.	[]	B075JL2PYV	B0BCGD7GZ8	AG6STRZFUW4IPP2TM5CCPXPCOGUQ	1612298296370	0	True
5.0	love the flavor.	"The kids love it. The liquid	 I refrigerate once opened. Great buy."	[]	B083VW2F19	B083VW2F19	AF366V4SYC3PINOSY2TBTJJZGSJA	1594515466513	0	True
1.0	Fishy taste	"Unfortunately	 my 5 year old daughter did not like the taste. She only had it once and now refuses to give it another shot. Unless this product changes the taste of this product	 I cannot repurchase. I really thought this product seemed promising since my child loves all of her other gummy vitamins."	[]	B082XJTDZ5	B082XJTDZ5	AGRXMK4272NAJBRQ7NWBAZ5R3NIQ	1594045362289	0	True
3.0	Its OK not great.  For what it costs I expected better.	Its OK not great.  For what it costs I expected better. Method's Stainless Steel Polish although stylish is not an above average stainless steel cleaner.	[]	B000EF1FVO	B08FK1KMWY	AEQ5I4VEJ7GTMFQQO435OGNXK6UQ	1368099132000	0	True
5.0	Lovely fragrance	I love this fragrance! The powder is so nice to smooth on and sprinkle in shoes.	[]	B01BXZ7CZ6	B01BXZ7CZ6	AE5OE5SAL7SUZMU75MJSLWLHLBGQ	1506884019150	1	True
2.0	Two Stars	These are made cheaply and lose there stretchiness quickly.	[]	B002GOJL6C	B002GOJL6C	AHVSY2ZAPIO6FJYV2SFAVA6ELPPQ	1412174530000	0	False
3.0	Not precise so far	"Just received	 cut 1 pill into 3 pieces.  Will keep trying."	[]	B08Y8MLC68	B08Y8MLC68	AHPQ7QCB7CP26B4IJOIPLGSRVZMA	1639115441021	0	True
5.0	Satisfied	Order was fulfilled and more than satisfied!	[]	B07D8DVJYN	B07D8DVJYN	AG3ZUROOYIHXMJA4MPBNBPPQOQ3Q	1565770851780	0	True
5.0	Great all purpose cleaner	"I clean houses for a living and this stuff works fantastic! I use it on everything from grease to bathroom soap scum	 put some in mop water it works great for everything! Smells Fresh and clean also	 not to strong at all!!"	[]	B08RBCMFGK	B08RBCMFGK	AFMFDB772XM3WK2ZGHJL52M76AQA	1652817388865	0	True
1.0	Didn't work at all. No returns.	It says returnable but it's not. Don't buy from seller	[]	B08XK7SZ8C	B08XK7SZ8C	AHUC5QHH75QMTWZUU4KK3BVIHY5Q	1630639436422	1	True
4.0	Love it.	I use it twice a day. Keeps my wrinkles lines almost invisable.  Love it..	[]	B002L4XFS2	B002L4XFS2	AFAGHNX33UC5NR5FWI2I5VXTMIRA	1433769631000	1	True
3.0	Great at first	I have been using this product for a little over a month now. I brush with it once a week bc it is very abrasive and I noticed sensitivity right off<br /> After the first use I noticed an immediate difference in my teeth but after subsequent use not so much. I do like that it has no flavor and is not hard to stomach. It is a very fine powder so be careful bc it will get everywhere.<br />I will keep using this product and hopeful for more whiter results	"[{'small_image_url': 'https://images-na.ssl-images-amazon.com/images/I/51ctuv3RuJL._SL256_.jpg'	 'medium_image_url': 'https://images-na.ssl-images-amazon.com/images/I/51ctuv3RuJL._SL800_.jpg'	 'large_image_url': 'https://images-na.ssl-images-amazon.com/images/I/51ctuv3RuJL._SL1600_.jpg'	 'attachment_type': 'IMAGE'}]"	B01DG6J1KO	B01DG6J1KO	AE3HVCSOX4MM256OECQB5X35NMAQ	1506022071763	0	False
5.0	Takes the stank outta everything!	"My picture pretty much sums up how bomb I think this product is! We use it for more than just shoes. Lacrosse is a stinky sport! The helmets	 cleats	 and gloves! Add a stinky teenager to that and it can get hazardous! This little spray helps keep that stank at bay! Also good for those winter gloves that come home wet and get thrown and forgotten in the corner!! Our puppy approves too!!"	"[{'small_image_url': 'https://images-na.ssl-images-amazon.com/images/I/71kg0Jl4ksL._SL256_.jpg'	 'medium_image_url': 'https://images-na.ssl-images-amazon.com/images/I/71kg0Jl4ksL._SL800_.jpg'	 'large_image_url': 'https://images-na.ssl-images-amazon.com/images/I/71kg0Jl4ksL.jpg'	 'attachment_type': 'IMAGE'}]"	B01LYCSJM8	B01LYCSJM8	AGLISNBGEIETVK7ATFSOZF6IVDMA	1575665838460	0	False
5.0	Five Stars	I love this curler! Great quality!	[]	B01LP2HNRE	B01LP2HNRE	AGQXV2D67OZNWKTH55WVK6NYSOTA	1478618551000	0	True
4.0	"Not what I expected	 but my daughter loves it!"	"UPDATE:  I wrote the review below	 I had given my bottle to my daughter and she loves it	 so now she askes me to order bottles for her!  Everyone's smell is different	 so I am giving this a higher rating than I did before because she loves it!<br />Original review:  I love the Sweet Grace scent by Bridgewater so I was excited when I saw they had it in a laundry soap. Even though it is pretty pricey I was excited for my sheets to smell amazing	 but the scent to me is totally different	 did not leave my sheets soft	 and the scent only lasted a couple of days (and we are clean people so it’s not like it had double duty…lol!). Maybe I just had higher expectations. Would I buy it again	 no."	[]	B092W6RZT1	B08WJ9B6BK	AEACAC5MOTYJQRQPBEST4VCFNJHQ	1640060981043	1	True
3.0	unknown if it works or not	have been unable to get the cuff to inflate so that I can take readings.	[]	B002C5PCS6	B002C5PCS6	AHNLZIBNS357DXDZ2AAKBNI5BMRQ	1454897452000	0	True
2.0	Too sweet	"I loved the original which was almost double the size	 had MCT oil and was unflavored. This tastes too sweet even after adding peanut butter. Would love you to bring back the original or at least offer and unflavored one!"	[]	B07L62G35W	B07L62G35W	AFR2VQ7FTTYYIDBSNKNAV2IEN5HA	1553174993810	2	True
4.0	Good sturdy wires	Good sturdy wires.  Be sure you need &#34;female&#34; plug in.  This does not work on all TENS units.	[]	B004U9LJY8	B004U9LJY8	AEAF7N7ZTA4QYJDIEKJECQ3ARQJA	1472617167000	0	True
5.0	Cool!	"Absolutely love this for my liquid makeup application. Does use less makeup. Recommend touching up around eyes with your finger after you're done applying the makeup to your face using this sponge (which	 by the way	 does NOT soak up your product). Also finger any other area that you may think is a bit &#34;thicker&#34; than you want."	[]	B01N2TN98U	B01N2TN98U	AF4ZKFSQTC3434YVUEBZRIGGGDAA	1494605245000	0	True
5.0	EXCELLENT!!!!!!	"I am NOT a person who writes reviews - but this thing is amazing!  I have very dry feet because I wear sandals and/or flips flops every single day of my life.  I have tried sooooo many products - I was hesitant to order this but did…..IT IS MY FAVORITE!!!!!  Run	 don’t walk	 to grab one!  You won’t regret it!"	[]	B077NWFH6P	B077NX2QDG	AHFF4BO5VIEKH4VLX7TQ4WQYET6Q	1627743277659	3	True
2.0	The adhesive doesn't want to come off	"First of all	 it's tricky to get the little adhesive backs off of these nose pads. I ordered a different brand previously	 and all of the nose pads were stuck to a thin plastic sheet. It made them easier to remove than these	 which are all individual and separate. Once I got the backing off	 they were easy enough to stick onto my glasses	 and they adhered as well as the other ones. However	 they only last for maybe 3-4 weeks	 which was about the same as the other ones I got. Eventually you do have to replace them. BUT. When they started to come off	 I discovered a really	 really sticky residue they left behind. I had a really hard time trying to remove it	 and it would stick to my fingers	 and I had trouble getting it off. It's a real hassle to deal with	 and so I think I'll order some different ones rather than use these again."	[]	B07VJ216C4	B07VJ216C4	AGGEFBOJZGIA3TAUMLIGIOXYS6ZQ	1587109601266	0	True
5.0	but I actually prefer these better since they fit in my toddlers mouth better	"Fits my kids sonicare toothbrush. These heads are a little smaller than the head that came with the toothbrush	 but I actually prefer these better since they fit in my toddlers mouth better. No brainer here!"	[]	B074HHD47M	B074HHD47M	AEOEHZ6R2BVPSXL46TPSINEQMOFQ	1531161877986	1	True
5.0	Definitely recommend!	"Bought this when I still had to eat college food and had some stomach problems	 this cleared those right up. Definitely recommend!"	[]	B01N5G195C	B01N5G195C	AF3VK2WOHQPYDLD2WTRYV53K2OHA	1497394363395	1	False
5.0	Works great	"The people who complained about the chemical smell are ridiculous	 it works great and all my shoes smell great. Make sure to soak the shoes good inside for best effect."	[]	B000QCOF1M	B0BP9TTQBM	AFJ23NJRDQWDJTSLU6EADU5ASIMA	1549245602549	0	True
5.0	Excellent	Excellent	[]	B07HR8HHH7	B07HR8HHH7	AEVFZ6HEJJBYKP3YKDDRPP4W7YXA	1617044703139	0	True
5.0	Heats quickly	Very soft. Heats quickly. Very soft!	[]	B09F2LSZF9	B09F2LSZF9	AGVEUVFTOYHZ5BH2JPS3Q2CKWZOA	1648331460207	0	True
1.0	Would not recommend	Bag tore on the side after one day of use cheap. Would not recommend	[]	B013VOEDLS	B013VOEDLS	AF6HPOSMCEBS6NHR6AXNUBFFA5VA	1497227353093	0	False
5.0	Five Stars	Will buy agin Thanks	[]	B00WRPIB5W	B00WRPIB5W	AHIB752LMC6LTGRYAFOIMFDLSH5A	1440625413000	0	False
3.0	Not as much heat around the neck as I would like.	I ordered three one turned out to be defective for which I was credited for. Not as much heat around the neck as I would like.	[]	B075JD98X2	B075JD98X2	AHWLJYBS6WYLQLIAPI7PGQWS7L5Q	1515805665293	0	True
5.0	Easy on skin and smells superb!!	"Originally found this particular soap while staying at a beach cottage and fell in love with it.  It doesn't seem to leave any residue on the skin	 just the pleasant smell of cedar wood.  It's by far the best soap my husband and I have had consistent results with.  It's well worth the extra dollars to have a soap that is this good!"	[]	B00PG8WM5W	B00PG8WM5W	AFVDYXLQBZLGHEC5LB45KHYVSD2Q	1578419277632	1	False
5.0	Works well and All natural	My daughter is 6 months old she had diaper rash once. And i always used this cream after changing. So it works pretty well for my daughter. I will purchase again	[]	B000FTCFI6	B000FTCFI6	AFHUQNYNSCIJAPENFZCTKV7U3NYA	1411612838000	0	True
5.0	It is Amazing! Worth every penny	"I sit in an uncomfortable office chair 8+ hours a day	 5 days a week. I have arthritis in my back	 hips and tailbone.  I've tried several cushions and not one has made a difference. My trainer suggest to take a look at this one. I ordered it and it arrived 2 days later. It is Amazing! Worth every penny. Has reduced the pain while sitting greatly."	[]	B01CKMP34S	B01CKMP406	AGA2G6I4W7VO4OP5XA6QJW6RBODQ	1500580128204	2	True
4.0	Good product.	Works better than anything else we have tried on stinky jazz shoes.	[]	B01LYCSJM8	B01LYCSJM8	AFNFDIDJRLZ5TF2CG3LRWJROT3XA	1519661612984	0	True
5.0	Eolf	Loved this lighter my mom smokes so I gave it to her last year and loves the pic of the wolf	[]	B07QDRWTVZ	B07QDRWTVZ	AEWSPTEOLZMN3GB3ZNYG6ZEZT4FQ	1578959570751	0	True
1.0	All Tabs Wet When Opened - Had to throw away.	"The expiration date says 11/2023 (one year from today)	 but when we opened them the tabs were wet and stuck together in a huge glob. Very sad. We could not salvage them so they went into the trash. Although I had a good experience last time I purchased these	 I will not risk this purchase again. These sat for about a month before I opened them so that I could finish some toothpaste tabs that were already opened. For that reason	 we could not return them."	[]	B09HBD5GNC	B09HBD5GNC	AGUSFFLMKHDL4RSU7HO636JSJ4TQ	1669400346594	0	True
1.0	Total waste of $$$	Would not fit on walker due to the rubber coating hand-grips.  Total waste of $$$.	[]	B01A7ATKF8	B01A7ATKF8	AFURZ77TDOHD4S3H637VZ2ADCPOQ	1480591237000	0	True
1.0	Does not fit 10 ml bottles!	It looks cute but it was advertised that this bag would hold 10 ml bottles which it does not. I can place 6 10 ml bottles in there but it will not close this way. I am unable to use it this way. I guess it won't fit 15 ml bottles either but 5 ml just fine.<br />It is possible that there are smaller 10 ml bottles out there and mine came in bigger size?	"[{'small_image_url': 'https://images-na.ssl-images-amazon.com/images/I/61yysg9ZgpL._SL256_.jpg'	 'medium_image_url': 'https://images-na.ssl-images-amazon.com/images/I/61yysg9ZgpL._SL800_.jpg'	 'large_image_url': 'https://images-na.ssl-images-amazon.com/images/I/61yysg9ZgpL.jpg'	 'attachment_type': 'IMAGE'}	 {'small_image_url': 'https://images-na.ssl-images-amazon.com/images/I/71RFa0pLCML._SL256_.jpg'	 'medium_image_url': 'https://images-na.ssl-images-amazon.com/images/I/71RFa0pLCML._SL800_.jpg'	 'large_image_url': 'https://images-na.ssl-images-amazon.com/images/I/71RFa0pLCML.jpg'	 'attachment_type': 'IMAGE'}	 {'small_image_url': 'https://images-na.ssl-images-amazon.com/images/I/71hxEcBjxcL._SL256_.jpg'	 'medium_image_url': 'https://images-na.ssl-images-amazon.com/images/I/71hxEcBjxcL._SL800_.jpg'	 'large_image_url': 'https://images-na.ssl-images-amazon.com/images/I/71hxEcBjxcL._SL1600_.jpg'	 'attachment_type': 'IMAGE'}]"	B018JP2ZKK	B018JP2ZKK	AE3T2X337QKI6F6O5SMSMHTKI3MA	1517290321025	0	True
5.0	Purchased this in January 2015 and it has been great. Just now broke down	"Purchased this in January 2015 and it has been great.  Just now broke down	 but after 21 months of using is every night full blast.  Very happy with the purchase and am going to buy another one to replace it now."	[]	B00L6ZCPLU	B00L6ZCPLU	AHKBKRMLHSVP5GXJSOQ7VCLZEX4A	1476753565000	0	True
5.0	The msg/grams are exactly what my osteoarthritis doctor recommended.	I take 2 twice a day. The msg/grams are exactly what my osteoarthritis doctor recommended.	[]	B00STSUPCS	B00STSUPCS	AGLR65NXTAASO25Y3AFQAXXEHAJA	1501687417137	0	True
4.0	So far so good	"My first time using a probiotic pill. Its helped with my nausea so far	 will continue to use it and monitor how it works.<br /><br />I received this product for free in exchange for an honest review..."	[]	B01FKNG7WG	B01FKNG7WG	AG2GNI3VMN4FU4RHMBS3CHODZ74Q	1474646299000	0	False
5.0	Love the Sweet Rose spray!	"I ordered the Sweet Rose cleaning spray	 and I LOVE IT! Delicate but refreshing smell	 and cleans great. Much better than the vinegar spray I've been using. Highly recommended!"	[]	B00XQBHG0M	B0C1HHXQ94	AECXRZT3XKRJURTOXOWZ543FFBVQ	1539551155968	0	True
4.0	Works Pretty Well	"It does seem to help with sore muscles	 but the smell is powerful!  It feels icy on inflamed areas	 and that feels good.  It takes quite a while for the smell to go away	 so don't use it if you're going out soon in public	 and don't use it when you're going to bed - unless your husband uses it	 too!"	[]	B079SXW5G2	B079SXW5G2	AF6GSHILDD2WDEN3XCMLDFOS42ZQ	1534343200889	1	True
3.0	An ok product. Expected better	Bought these to help potty train my son.  He leaked through them every time. They are good but are not the best at the waterproof quality	[]	B07MZMQW82	B07MZMQW82	AEPCQCKJNEMFO5M7P7YF37P3RFBQ	1577049481475	0	True
3.0	"These work fine	 but I find when sealed in tightly to ..."	"These work fine	 but I find when sealed in tightly to the ear canal	 they let no more fidelity through than regular	 cheap earplugs. Nice case	 though."	[]	B00A3Z44RM	B09Z8P3HLM	AGGHPGEWK4AX4AJNXCVR33HJGAJA	1454040809000	0	True
5.0	Five Stars	"Excellent product 	 quick delivery."	[]	B00JR3M6EY	B074WPP49H	AHGDB3N4VUF75YGDMKECKN5XY4EQ	1432771901000	0	True
5.0	Don’t use on computer screens or flat screens tv.	"This is the best cleaning product ever! I use it to clean so many things that the list is too long to include here. Not only does it do an excellent job but no harmful chemicals or cleaning solutions are<br />needed	 just water!!"	[]	B00BR1FSU8	B00BR1FSU8	AGW5FE7LI7F2ZPQIJPJT7POIKMLQ	1569148623741	0	True
5.0	Great for Inflammatory Conditions	"As someone who has been diagnosed with three inflammatory conditions	 I can already see a change after taking this product for 1 week. I feel less swollen/puffy	 my inflammatory bloating has decreased	 and I overall feel like my body movement is more fluid. There is no aftertaste to this product which makes it even better. I would definitely consider adding this supplement to your routine if you are questioning it. Appropriate product sourcing makes me feel even better about using this product."	[]	B099KLQB9X	B099KLQB9X	AFHEMYHHJJBPTMBOKO5U7PK7WKCQ	1633707216106	3	True
2.0	Not impressed	Was not impressed. Followed the directions for the first time use and it didn't do much. Felt cool when I first put it on but didn't last at all.	[]	B012BE11DC	B012BE11DC	AHMHG7S2PRMCXH7DP6GGGCP4DWRA	1509762006480	0	True
1.0	Yuck!	Tastes like what I imagine toilet water to taste like. Will NEVER buy this again.<br />All the other flavors here on Amazon are awesome....just not this one.	[]	B07CT9HTM9	B07CT9HTM9	AHIUG5VZOPBW3ONI4UTFVIXOWS2Q	1629757635835	0	True
5.0	Five Stars	Great product I had one already in use.	[]	B000POJL9M	B000POJL9M	AGR6IOAQCHZRHXQDKRTEJUT4MVHQ	1464789419000	0	True
1.0	Misspelled word	"I could not use these napkins (and I ordered hundreds for my wife's 50th birthday).  The word ""cheers"" was spelled ""chrees"".  I was disappointed to say the least.  Will never order from this company again."	[]	B07S4BV9QW	B07S4BV9QW	AEGW5VE5UP6KDDY27BEFYTRI2ICA	1596136002437	0	True
1.0	Not worth it	"This scale is at least 20 lbs off.  I was excited to receive this after reading other reviews.  It was cheap and seem to have a lot of positive feedback.  So maybe I got a defective one	 I'm not sure.  All I know is I wish I hadn't been cheap and had just spent the extra 10 bucks on a real scale."	[]	B0014JVJQK	B0014JVJQK	AEEEKL2M4SOPEYVNWBNODLUDSXOA	1298384384000	3	True
5.0	Nice gift for kids	Bought for my nieces and you cannot even get them out of them.  They love them.	[]	B07X4G319N	B081WS9ZF8	AGNBZFQ57ZUNYRWTKBNGTKGUWV6Q	1594691383060	0	True
5.0	Looks Nice	Looks & works great in the shower.	[]	B07TLX9853	B09X3F4QSJ	AHOWFYXZJ7JY34X2DCEGRZXPCOJA	1595981396992	0	True
4.0	Bien..👍	el Primer Dia Olía..Algo extraño...Pero despues de abierto..<br />Les encanto a mis Clientas..Y a mi también..😌	[]	B08TWP258S	B08TWP258S	AGVKPHV25S4IXN2BLP3P6QDUUCYQ	1619068028508	0	True
5.0	Exactly right	Exactly what I needed. Fast delivery!	[]	B07GTL6R6G	B07GTL6R6G	AGGLDLY2XLWVVX3HU2JQYJDST4CA	1607014561512	0	True
5.0	Cute and functional.  What's not to like?	"This item seemed like a useful thing when I saw it in a little video	 so I ordered one.  It worked great!  I like a clean microwave and even though I usually use a cover on my food	 I occasionally slip up.  Who likes cleaning the splatters that have hardened?  Not I	 for sure!  This cute little woman shoots steam out of the top of her head and softens it all up so you can wipe it out easily.  She is so cute that I just leave her on the stovetop next to the salt and pepper.  She might be plastic	 but she is sturdy.  I think she will last for many years."	[]	B082W9SGTL	B082W9SGTL	AFUOLJ3PYOPZKPCJM7NESUQ6367Q	1616196754925	1	True
5.0	Five Stars	loved the color	[]	B00CLETTZA	B00CLETTZA	AF3VORU6GFB4T3OKL5PB3JRS6L6Q	1520137218453	0	True
3.0	Three Stars	PRODUCT IS GOOD BUT PRICE IS WAY TOO HIGH	[]	B00UMZAADK	B00UMZAADK	AGKQ3I4YY3DH3X6D7WMPY64VYGMA	1491938617000	0	True
5.0	This really works	"We have a toilet that is very rarely used.  I noticed a very dark water stain--it's been months growing.  Used this product and with some elbow grease--voila	 it was gone.  Not just the dark stain	 but I could feel the calcification disappear.  No harsh chemicals where you feel like you're inhaling dangerous chemicals.  Highly recommend."	[]	B00TYO30UK	B00TYO30UK	AF2X6CMBJYHCFBBXROOCZXPRDE3Q	1620829555656	0	True
2.0	"They look professional	 but they're not. Even on ..."	"They look professional	 but they're not. Even on the first use	 the cut was not sharp and clean. A bit dissapointed"	[]	B01FOURXSW	B01FOURXSW	AHGDIOSCKYJWTGNTTETIZQTVSAHA	1488299901000	0	False
5.0	This works like magic on seasonal allergies for me -- i take ...	This works like magic on seasonal allergies for me -- i take them once a season and the results last for a long time -- magic...seriously - I live in Arizona so it might be because of this climate...but I recommend this to everyone who suffers with seasonal allergies -- mine used to be really bad.  I love this stuff!	[]	B0016BEPIA	B01M10VOTP	AHVITGMFWSGWJQBLMRR7ZTUBLBXQ	1495523454000	3	True
3.0	sturdy and sure!	"Reasonable price	 but thought I was buying a metal chrome plated product. This is make of chrome painted plastic. Suction excellent	 so sturdiness of grip is assured."	[]	B00L1SRM56	B00L1SRM56	AHSUCOKTPNDB4CE5HZCNENPO55SQ	1424927508000	3	True
5.0	Handy	This small size is perfect for cappying in your purse. Great for touch-ups and I've yet to burn myself...very safe!	[]	B0B52BXH8M	B0B52BXH8M	AHWAI4YCT7VBIEQWJMOCWBAXC7TA	1674511330300	0	True
5.0	Great	"I foster animals and most of the ones we get from Animal Control come with a bad case of Kennel Cough.  We have to quarantine the new arrivals in a spare bedroom	 but the virus is airborne and can be spread through the ventilation system. The UV-C Air Sanitizer kills airborne viruses and has prevented my other dogs from getting the disease. So far it's worked great.  Just plug it in and forget about it."	[]	B000G2BESO	B08X9LB1WC	AFFL4MOZNROJHOX6ELT2GSBGEOKA	1382792447000	3	True
5.0	Five Stars	they are good stones	[]	B018IDJX1M	B018IDJX1M	AECSXC4APHCPXYNHVFW2JQBWJA7A	1480704040000	0	False
4.0	I was in Hawaii the first tim I had this ...	I was in Hawaii the first tim I had this product. It did wonders for my skin and hair. I decided to purchase again. I’m not sure if I’m receiving the same results as the first time but it’s giving my hair a glow.	[]	B0001O6EAA	B075D1KDFN	AE5YVZGCV2XM4AXDURPU4BJ4SOAQ	1511711668635	7	True
5.0	Allie?	"I want this more than I have ever wanted anything ever. But if I never get it just know your first book changed my life and I will always treasure	 re read and share it. Thank you so much for what you have given the world	 of and when you are ready we will all love this too."	[]	B01MYME8WS	B01MYME8WS	AGKN4VTUCM2VBAVWF7CTP3JK4WWA	1538183052412	3	False
5.0	Getting back on track!!!	I am almost never regular and I have been having a lot of stomach issues and bloating lately. A friend of mine talked me into ordering a probiotic.  I have been taking these for close to two weeks now and I can really tell a difference.  I do not have as much stomach gurgling going on and I also feel less bloated.  I have been regular for a week now and my body  feels so much better.  These are listed at an affordable price for me to continue ordering them.	[]	B07R7X3GQ8	B07R7X3GQ8	AEMM7GCZVFBAGU445MCDUXUVDQQQ	1565897140529	8	True
5.0	Great value	Always soft n strong	[]	B07HSF5HTX	B0BSRPX53Z	AFLQ6VU5AZ3275R6UDKIQJLOL2JA	1617587027761	0	True
4.0	Runs a little large but is comfortable.	Runs large.  I gave it as a gift for my husband.  He has an allergy to things with elastic and this is very comfortable and there’s no exposed elastic band anywhere.  I had to take it in a little (folded over a section of the back and hand stitched in place).  He’s been happy with it.	[]	B0773GK7LZ	B0773GK7LZ	AEU3CGQHH2A5RPR5TG5MEH6DPAEA	1518068843226	0	True
5.0	I trust Nordic Naturals	I received the product I was expecting and it came in a timely manner.	[]	B016OZP694	B016OZP694	AG3XPWS3ICUI6VIHDSNMWZBSNCPQ	1484156735000	1	True
5.0	THESE ARE GREAT. AND THEY WILL LAST A LIFE TIME	THESE ARE GREAT.AND THEY WILL LAST A LIFE TIME. EVERYONE SHOULD USE THESE. THERE IS NOTHING BETTER OUT THERE.	[]	B015JIKYXU	B015JIKYXU	AFS4IBQNFXQO4VLBR2PGJDQCRYHQ	1458054265000	0	True
1.0	Horrible taste	Horrible taste tried add lemonade mix’s in to help disgusting	[]	B00118661C	B0797M8SFS	AGGXVIEJ35NS6F4E2QC2U2NU7BLQ	1638300927085	0	True
2.0	Okay	I couldn't really see how big the ring was. I could read it said mom	[]	B07CPR1KKG	B07CQQTWMY	AFNRMKAK3X6GL6FJ2KQIJYKEQOWA	1639547116383	0	True
3.0	Eh	"This flat iron is somewhat of a lightweight.  Whereas it heats up well	 the plates don't seem to sit on the hair properly so that it provides a good even straighten.  Hard to explain	 but I have other flat irons	 and I'm always avoiding this one for those.  This one just wastes my time when I need to get a good straighten and get going."	[]	B015PPU8D8	B015PPU8D8	AF33O4ILOGDTC2ULY4I6HLLBCLGQ	1494874531000	0	False
5.0	My daughter loves these	"Sift	 not crinkly or heavy like other brands we have tried. My daughter prefers the shorts to the skirt- she was tentative at first but quickly became converted. I have her wear thicker overnight undies under the shorts and it means I don't have to strip her bed every morning! Yeay! Wash and dry before first use to help with absorbancy."	[]	B092HLHKPR	B092HLHKPR	AFELJERFGAWJXMRPLPMCW5Z6ZEPA	1646795371197	1	True
1.0	too too big	Just too huge for my arm & wrist	[]	B00LK2J6RA	B00LK2J6RA	AGZ2Q3PP6IV677LIDP3AQLKC6XCA	1432673708000	0	True
5.0	The best!!!!	This is the best massager I've ever used. I have since purchased two more for people who tried mine and wanted their own. Other friends ordered their own after trying mine. I look forward to coming home to this every day now. Sometimes I lay on my back and set it on top of my back like I'm getting a real massage. Best $40 I've ever spent! I suffer greatly from pain on the top of my trapezius due to repetitive reaching for paper out of my printer all day long. I've left work in tears from the pain. I don't know what I would have done if not for the relief I receive from this. I certainly can't afford a massage every day or week. This has been a real life saver for sure.	[]	B013TKU28W	B013TKU28W	AHFKJ4R3BZ2C5YCMUZQ6NXHX2CLQ	1462633579000	0	True
3.0	Super later	Delivery was super late but my son enjoyed them nevertheless	[]	B00770BWGW	B00770BWGW	AHRSRTKTVPN6VERMWN3S3532MDOA	1641959874544	0	True
5.0	Works	Great	[]	B08LMMPJGN	B08LMMPJGN	AEHOZGY5PTGEWOQGTEPFMI2KU7MA	1617731850066	1	True
5.0	Good	"Used for a while	it is good！ Shaves clean no much different from the original one."	[]	B073PTQFLG	B073PTQFLG	AEEWB2SAGDHQ7DKK5VRCOFEEWKOQ	1512427111245	0	True
1.0	Do not waste your money	Broken in a couple of days. Do not waste your money!	[]	B01F1ISEIU	B01F1ISEIU	AECTU43XUDRMM6BLS55G6ZOJR6WQ	1483479262000	1	True
5.0	Very Nice tissues	"After not being able to find tissues at the stores and having a daughter who goes through a box a week due to allergies	 I came to Amazon. She normally only wants lotion tissues which were not available anywhere.  I ordered these to get us to get through the pandemic. We were really impressed as we were expecting generic not too soft tissues.  These are really soft and my picky daughter ""lotion only""  actually approved of them.  It was a great value for a really good product.  I would definitely order again to keep my home stocked."	[]	B0821P168D	B0821P168D	AGSV3LUMIRAYA35DTX3T46COG62A	1587062452899	7	True
5.0	Protect them Louis	"A must have for those 6 inch Louis Vuitton’s your old lady just had to have while on one of them trips on the miracle mile.  By with confidence here folks	 a must have."	[]	B071W5J75X	B071W5J75X	AFKTKDCIDIVOOFLKL6ZDTMNRBY3A	1612933057727	0	True
5.0	Over one month usage review	"I have been using this for over a month and have noticed a dramatic increase my face's moisture. It is more plump	 clear and vibrant.<br />After using L'Occitane Angelica Cleansing Gel to remove makeup and cleanse my skin. I use SANA Hadanomy Deep Moist Spray Lotion and Milk with the HADA CRIE."	[]	B0050X3FEA	B0050X3FEA	AH3TADJ5ETNIATBWY4XEXA7UZH6Q	1397194563000	2	True
5.0	I bought them for my boyfriend. He plays drums ...	I bought them for my boyfriend. He plays drums. He stated that they worked well for the high end of his cymbals. We took them to a concert & he stated that he was very impressed because he could still hear the music.	[]	B00ODE0IDS	B09Z8P3HLM	AERWP3KPC6KQZH4GZVKAC5VP7MAA	1458857993000	0	True
5.0	Encourages better hand cleaning	Bought 2 for grandkids who<br />live far away from me.  Their dad says they are great.  Anything to get kids to wash properly during this pandemic!	[]	B071PCWJB3	B071PCWJB3	AGFJRBQLZOLCKVFOE6HIIFF3KSEA	1592502343555	1	True
5.0	Five Stars	Very happy with this product	[]	B015LGZXMC	B015LGZXMC	AE37ZJRIBUIYW6DJLV5I56GURQOQ	1483566444000	0	False
2.0	"Does not lock	 hard to carry in purse	 ..."	"Does not lock	 hard to carry in purse	 pill pop out.  Lettering  for days of week on top is fading and being worn off"	[]	B071JVWZQG	B071JVWZQG	AEJVCTRPWRQWY42XMOMV6IUMW7YA	1524838807453	0	True
5.0	Five Stars	Very happy with the product	[]	B00UA3ZUBG	B00UA3ZUBG	AG2DLTNHXU3QLSPHEIZ7XFO6RPEQ	1453434890000	0	True
5.0	My new favorite brand!	"Anyone who knows anything about ttc(trying to conceive) or is ttc	 you will know how quickly tests add up. Finding cheaper options is always there	 but you are worried about the accuracy. So when given the chance to try these I of course took it. Upon arrival I was very pleased with them. I loved that the packaging was simple yet effective. I of course took them out right away to &#34;test&#34; them. For starters I love that it came with a box for storage when not in use. Each test is labeled very simple	 yet noticeable. They are marked very differently from each other and should cause no concern about a mix up. Each test is wrapped individually	 which you want. The test strips are pretty thin	 which you can expect with any dip stick style test. This particular set comes with 50 LH strips(ovulation) and 20 HCG strips (pregnancy). For anyone who may have not used these	 I will explain a little. You simply collect a small amount of urine in a cup and dip these into it. The strips are have a &#34;max&#34; line mark to which you do not dip past. Very easy	 and even easier is that there's an illustration showing this on each test strip package should you forget.<br /><br />Getting into a little more details of each	 I'll start with the LH(ovulation) strips. These show you when your LH surges	 which is usually 12-48 hours before ovulation. Average is 36 hours. Giving you a better idea of when to bd(baby dance). On a normal cycle you ovulate 14 days after the first day of your last cycle	 however most people are not average. That's where these tests come in handy. Depending on the length of your cycle will determine when you should begin testing with LH strips. Sadly this set doesn't come with a testing chart	 so I will post them for help.<br />Cycle 21 days.......start testing on cycle day 5<br />Cycle 22 days.......start testing on cycle day 6<br />Cycle 23 days......start testing on cycle day 7<br />So on and so forth. If your cycles 30 days you test on day 14. If your cycle is irregular	 start testing based on the shorted cycle you had. These are not like pregnancy test and should not be taken first thing in the morning. Most recommending testing between the hours of 10am-8pm. Although most get the best results after 12pm. For these to read positive the line must be as dark or darker than the control line. Most women will always see a line	 so please be sure you check the darkness to insure a correct positive. After getting a positive you can quit testing as you know your LH has surged and ovulation is pending.<br /><br />Now onto the HCG(pregnancy) ones. These are much more simple to use and really have no line watching of time frames. These particular test ring in at 25miu	 which is the lower normal for most store bought test. They are actually a bit more sensitive than some more expensive tests. These should be used with first morning urine as it tends to be more concentrated	 however feel free to test anytime should you want. As most know a line is a line regardless of the darkness. If you get a line on these you know there's a baby on the way.<br /><br />I have tried both tests and have had excellent results. I am always worried about evaps and these have yet to have one. Even after sitting and drying for some time the strip remained completely white. While both of these are recommended to not read past 10 minutes	 I have noticed that the LH strips do take a bit to finish running. I usually read it at 10 minutes exactly for the true reading. I have tried many different brands tests and these definitely rank in the top. The best part is the price is so low for such a generous amount. If taken correctly these could last a few months. Unless of course your like myself and take way too many. I love these tests and I'm so glad I was able to try them out. I will be recommending them to my friends and family. I will also be reordering these should I need more in the future although I'm hoping to get my positive HCG with these soon. Happy testing	 baby making	 bright positives	 and good vibes ladies."	"[{'small_image_url': 'https://images-na.ssl-images-amazon.com/images/I/61JX9eJEjZL._SL256_.jpg'	 'medium_image_url': 'https://images-na.ssl-images-amazon.com/images/I/61JX9eJEjZL._SL800_.jpg'	 'large_image_url': 'https://images-na.ssl-images-amazon.com/images/I/61JX9eJEjZL._SL1600_.jpg'	 'attachment_type': 'IMAGE'}	 {'small_image_url': 'https://images-na.ssl-images-amazon.com/images/I/61o930omM5L._SL256_.jpg'	 'medium_image_url': 'https://images-na.ssl-images-amazon.com/images/I/61o930omM5L._SL800_.jpg'	 'large_image_url': 'https://images-na.ssl-images-amazon.com/images/I/61o930omM5L._SL1600_.jpg'	 'attachment_type': 'IMAGE'}	 {'small_image_url': 'https://images-na.ssl-images-amazon.com/images/I/61wMGeoomnL._SL256_.jpg'	 'medium_image_url': 'https://images-na.ssl-images-amazon.com/images/I/61wMGeoomnL._SL800_.jpg'	 'large_image_url': 'https://images-na.ssl-images-amazon.com/images/I/61wMGeoomnL._SL1600_.jpg'	 'attachment_type': 'IMAGE'}	 {'small_image_url': 'https://images-na.ssl-images-amazon.com/images/I/712pu7oQElL._SL256_.jpg'	 'medium_image_url': 'https://images-na.ssl-images-amazon.com/images/I/712pu7oQElL._SL800_.jpg'	 'large_image_url': 'https://images-na.ssl-images-amazon.com/images/I/712pu7oQElL._SL1600_.jpg'	 'attachment_type': 'IMAGE'}	 {'small_image_url': 'https://images-na.ssl-images-amazon.com/images/I/71obcuAN0OL._SL256_.jpg'	 'medium_image_url': 'https://images-na.ssl-images-amazon.com/images/I/71obcuAN0OL._SL800_.jpg'	 'large_image_url': 'https://images-na.ssl-images-amazon.com/images/I/71obcuAN0OL._SL1600_.jpg'	 'attachment_type': 'IMAGE'}]"	B01LML2M3S	B01LML2M3S	AF6EOOWDGXOGQSENWNYO4AQ77CUQ	1474925978000	17	False
5.0	Works great!	Solves both the stink problem and the bacteria problem in my husbands outdoor work shoes.	[]	B000QCOF1M	B0BP9TTQBM	AHHQFWFXSRRLZTMWN6OG326MP74Q	1468936886000	0	True
1.0	Don't buy these!	"I would give them no stars	 cheap overseas junk. I returned them and got my money back."	[]	B072MNJLVF	B072MNJLVF	AEK3LEGMZKA555VYJP33A4BQINEA	1502751558281	1	True
2.0	It shrank	"Unfortunately	 this one	 even though it was washed in the same cold water bath	 shrank and had to be returned"	[]	B007Q39PWI	B007Q39PWI	AEEGJZOIYHLVMRKBRPQEONHGUIXQ	1355688016000	0	True
5.0	Five Stars	Love it!	[]	B00H30CCSI	B00H30CCSI	AFTJ4HGZYM266DH5L4DSXZD6UQYA	1486042992000	0	True
5.0	Five Stars	They fitted perfectly over the candy!  So cute!	[]	B01GIMV8B8	B01GIMV8B8	AHX4NXJU6SZY3U23PR3D25RE6WBQ	1476379436000	0	True
5.0	Five Stars	I HAVE USED OTHER SIMILAR PRODUCTS LATELY BUT I HAVE SEEN RESULTS WITH THIS ONE IN ABOUT A WEEK	[]	B00XWA6SSI	B00XWA6SSI	AEGSEI2RGCFVHYV4UEUNCWD5CRFA	1521380039482	2	True
1.0	Update!!!!!!	"These things are so much more comfortable than the hard ones that came with the glasses. I do a lot of diy construction work and military construction and these have been a really nice addition to my tool box. When I sweat my glasses do not slide off of my face anymore and normally stay where I put them. The latter been the biggest plus for me.<br /><br />I have two pair glasses	 one where these screw and the other pair where they push in	 both fail miserably. The hard piece that attaches to the glasses stay put but the soft part that touch your face is what falls off. I have went through all of these since I bought them. I do not recommend."	[]	B08241V2VS	B08241V2VS	AELJFFMNW377ASTVOVU6BK4LM6FQ	1603809413686	3	True
5.0	Five Stars	Excellent for my glasses playing hockey.	[]	B005CKVNI6	B005CKVNI6	AEDACFOIU523LZT4KROZ53V2OLRQ	1417802796000	4	True
5.0	Best Stool	"I have a bad back	 so it’s hard for me to lean over to do dishes and when I use this stool I don’t have any issues as I get to stay seated. It also helps when I need to use it for sorting laundry and as a way for me to get my mom to stay seated when eating. Overall	 I would say you could use this for a number of things	 as long as you don’t need to get on the floor."	[]	B01M0EQO6O	B09BJZHXTZ	AGGKQGTYGTY5GEQWVNMPBTUNMLZA	1650546739499	0	True
3.0	You get what you pay for	"I bought this product around a month to two months ago. It has reduced pet odor in my small space	 but not significantly. The noise it makes while running isn’t silent by any means but it’s also not super loud. I paid 42$ for this after taxes and I’m okay with how it’s performed vs. what I spent on it."	[]	B000G2BESO	B08X9LB1WC	AHUUX4IVV5QU352SC6UJP2DJDBMQ	1650304620767	1	True
5.0	They will correct damagedorders	Open bottle replaced well.	[]	B08B44PDXC	B08B44PDXC	AE3JE6WROKPZGDW5HUS6B6PPVYPQ	1611858437857	0	True
5.0	Definitely helps with neck pain	"4” band. I love the heated feature	 very soothing. Adjustable so it’s convenient for both my husband and I to use. Definitely helped with my neck pain	 which had gotten worse after starting posture correcting therapy. I’m going buy the 3.5” band as I wean myself off the posture brace and neck support."	[]	B08RYLP5ZT	B08RYLP5ZT	AHCVRQPWBULEPZUY76IO63TFL6HA	1679318384926	0	True
1.0	Too small and Braille does not match.	"Like the shape and style of the pill holder	 however it is too small for my multi-vitamin gummy.  Also the braille doe not match the print.  While the print says S	 M	 T	 W	 T	 F	 S	 the braille is labeled “a	 b	 c	 d	 e	 f	 g.” I bought this specifically because it had the braille so I am disappointed that it does not match."	[]	B076H8Z7P7	B076H8Z7P7	AHDABXBMFH5OARUZJKUEIOOVMU7A	1620156503027	0	True
4.0	"It expands with heat esp. heat of the sun	 it will warp and no longer lay flat."	"Advice; Mount with small fastener in holes toward outside corners  of sign	 loosely so it has room to expand.<br />My mistake. Sign otherwise Good Quality"	[]	B081TPX2W5	B081TPX2W5	AFKKUJUCHFFVGMZ52MO5AYBSGRRQ	1626828474489	0	True
5.0	You guys should get one if you are wanting to get hair off black clothing	It takes the hair off clothes very well	[]	B07RRRKXPS	B07RRRKXPS	AGY2GTGMDEVQIB2GJFBWSPJ6PNYA	1618269563624	0	True
5.0	Five Stars	perfect fit	[]	B0084UBZW0	B0084UBZW0	AEW3NZWQQ2JXUAZU3572EO4PGSVA	1510003373274	0	True
4.0	It's an okay enough toothbrush	"The bristles seem to come loose easily and come out or stick out from the rest. It is lightweight and easy to use and it's nice that it comes with extra heads. I wish it had a charging base to stand on versus the port on the bottom and the cord to charge it	 but overall it works well for the kiddos."	[]	B0B9NCCJLB	B0B9NCCJLB	AGCDTLHGF5PVFZ2Q3HR2PMW24XVQ	1671294598420	0	False
3.0	"Great Earplugs	 BAD CONTAINER"	"Too bad if you buy nice earplugs that have a good filtering and a nice small size yo you don't see them as much	 and then loose them because it's a cheap container that doesn't stay closed..."	[]	B00A3Z44RM	B09Z8P3HLM	AG2FX2KRODM7WFZRJ3WIRUWGBFWA	1391662090000	0	True
5.0	Easy workout	"Great product! I can lay in bed	 watch tv	 drink a beer and still work my abs."	[]	B0777X6XXX	B0777X6XXX	AGLZ45V5MFHLZO5WGDEXQC4WER2A	1533165371612	3	True
4.0	Four Stars	will write a review of product when finished taking	[]	B016LCQ73E	B016LCQ73E	AHHZU4UMU7FYWWVG5FHE6ZUYVFAA	1465997233000	0	True
1.0	LEAKS!!!!!!!!!! REALLY DISSATISFIED!!!!!!!	Soooooooo Dissatisfied.......<br />LEAKS CONSTANTLY!!!!<br />Can’t keep it full!!!<br />Constantly refilling it!!!!!!!!!!!!	[]	B086D2LG93	B086D2LG93	AG5RIMDY3D2UHVIBMNXIQRJ7HW2Q	1600637019469	0	True
4.0	Hypertonic saline - overpriced in general but this is probably the best deal out there!	They burn when you put them in initially but it seems like they get the job done.  It is salt water after all.<br />They're exactly what they say they are.	[]	B018TGT0RK	B018TGT0RK	AEZS6J2KMGG2ECTRAH32MWBX2JQA	1495819432000	2	True
5.0	"Great for daily meds	 not great for vitamins or long trips"	"We bought this to manage prescriptions that need to be taken morning and evening.  It works really well for regular meds and helps with compliance.  However	 there are a few drawbacks.  It does take up some room on the counter	 but that works for us because the colors are pretty and we don't mind it being out.  Loading each of the days is a little tricky	 because it's hard to hold open the little lids with one hand while putting the pills in with the other.  It is possible to take the hinged lid completely off to load them	 but putting them back on again takes a steady hand. Large vitamins (like the Ester-C my husband takes) don't really fit with the other meds	 but that's okay with us.  If we travel for a few days	 it's nice to take those boxes out of the organizer and into a travel bag	 but I don't think I would want to try to travel with the whole month organizer because it would be difficult to get them to stay in the tray.  Overall	 this is exactly what we needed and it's worth the trouble of loading it."	[]	B07GQVR78K	B07GQVR78K	AF7ESXROT7UUUT5HVCZ4AHSTQ3WQ	1602277812726	1	True
4.0	2 suggesstions	"Great product! It really helped to alleviate the pain I was having in my abs. The only problem is that at least some or all of the straps show. Especially when wearing scoop neck or v-neck shirts	 but even with just regular shirts	 the straps are there and its really annoying. Plus I could only find my size in white	 which is even more noticeable."	[]	B000I5UAS4	B000I5UAS4	AFK2WPORZ3NUZ7HNGOWHJVJ3A77A	1348870342000	0	True
5.0	Help s with mucus.	Good product.	[]	B07YVJ5RRV	B07YVJ5RRV	AHCIL4AO6PYOQ6KPZUGQBIL3EKYA	1622050117155	0	True
5.0	This works better than anything I have used and it keeps on ...	This works better than anything I have used and it keeps on working. I've used some energy supplements in the past that work at first but then for some reason it stop working. But this one is so good I am on my second bottle. Great stuff.	[]	B00JPJT828	B00JPJT828	AEIT7DD24YDH7AXWT7RIV4JQZ3RQ	1421703330000	1	True
5.0	Very good	Recommend	[]	B001JZ6GJO	B001JZ6GJO	AHYQLTJGIJQHD3ROXPXM4YWPZ5YQ	1614826900174	0	True
5.0	The Best! And Easiest to Use! Sweetener Tablets!	"Wonderful sweetener tablets	 I just love them. Each tab is just right for a cup of coffee. The container dispenses one tab at each push. Don't know why other sweeteners don't come like this	 it's great! This little package is good for 1200 cups of coffee	 so it's pretty cheap too!"	[]	B001E977UW	B001E977UW	AGHRR3NRGBMZYDBP355V33VPNWEA	1409270268000	0	True
1.0	I ordered the basket kit which clearly showed  I GOT NO MOUNT JUST THE BASKET!	No mount shipped with the basket!!!	[]	B00UB1HHY0	B0BV1RWF2C	AGXVWMABI6HOA37IZPHLGTULGF4A	1653316316397	0	True
1.0	Sent back	Found out that leds can cause permanent eye damage.	[]	B08DN922NX	B08DN922NX	AGRQEW7MY6M3XWTDXZY4XO4T6ETA	1617638203315	5	False
5.0	much better than antacids	"I have Baretts esophagus due to excessive reflux. Thes tablets take care of reflux and the burning in my esophagus better than anything out there	 and I tried everything! Good product	 great company	 they will help you with ultra qualified staff on the other end of the phone.  SteveB"	[]	B07C9H3M4N	B07C9H3M4N	AFHPNCMGGAOWZRBP6Z3K4AM5IJKQ	1644715928329	0	True
5.0	Good value	Firmness was very comfortable and elevation was perfect for easing pressure on my back. Wish it was a little higher - but I just put a folded blanket underneath it. Removable cover easy to take off and launder.	[]	B072K3K7QR	B072K3K7QR	AEDPZMZNLZZSCL4AQJMM5DLFNAEQ	1531375296220	0	True
5.0	Favorite Poi I've Owned	"Ninjas are my favorite poi I've owned. I've owned E poi	 currently own pod poi	 and owned ninjas until I lost them at a festival. I do like the pod poi but find them too bouncy and they don't feel &#34;tight&#34; when I spin them. Ninjas on the other hand do. There are a lot of colors and they work quite well. They're a good pocket size too so storage is easy. Having 3 leds also gives you a lot of color options."	[]	B007HRTRJO	B007HRTRJO	AFWXEIFMPVT5FVK7266IHXH4D2WQ	1501806647134	1	False
5.0	Five Stars	Large amount of caffeine without all the volume!	[]	B0042RJBKM	B0042RJBKM	AFX5OXX7TJWAWGMWRGAJNKO5RTEQ	1449124507000	1	True
5.0	Excelent product	"like all the products this brand make work perfect 	 is not necesary expend a lot of money for have young skin<br />I completly recoment this brand 	 come on time too"	[]	B000VEMWB0	B000VEMWB0	AGYSHEWPAFUIDOKDTDDEEWD5FJ3A	1341933068000	0	True
5.0	AAA	AAA	[]	B00D6NXVRC	B00D6NXVRC	AFLTWBDRRPE7VXB7LRFTXUVNWERQ	1422549913000	1	True
5.0	Five Stars	exactly what I wanted holds everything	[]	B01ER37206	B01ER37206	AFC4X6DF5D4MCHVJY7XSX6262LEQ	1486663295000	0	True
5.0	Great	Worked great. Same as brand name	[]	B07XY289DK	B0BF98N2RG	AE4CZ6ZUKGWPBNSPMAAVJSYB6CMQ	1607386723528	0	True
2.0	"READ the LABEL...500mg per pill	 not 1000mg"	"Could Be Me	 But the Labeling Seemed Deceptive	 I'll Never Know. I believed it was 1000mg of Krill Oil per pill	 it's per TWO pills. I gave up another brand that IS 1000mg per pill because this brand sold for less per bottle. Turns out	 it is MORE expensive due to the pills only being 500mg. READ LABELS	 LOL !!"	[]	B00VPLD9RY	B00VPLD9RY	AFBBXD6GIHX4Y2A2LZKPOO2R7LOA	1473676880000	0	True
5.0	It works	Good	[]	B077M8SVXD	B077M8SVXD	AH6MFOGLNAT5J4H6Z3GQ6YTQSQIQ	1578983819393	0	True
5.0	They work	"Love these wipes!!!! So excited to come indoors from a cold winter day and not have foggy eyes!! In the photo	 I wiped half of my lens and put some hot breath on it to see the difference. These work tremendously and I will be using for all of my glasses!"	"[{'small_image_url': 'https://images-na.ssl-images-amazon.com/images/I/B13wWtd2mOS._SL256_.jpg'	 'medium_image_url': 'https://images-na.ssl-images-amazon.com/images/I/B13wWtd2mOS._SL800_.jpg'	 'large_image_url': 'https://images-na.ssl-images-amazon.com/images/I/B13wWtd2mOS._SL1600_.jpg'	 'attachment_type': 'IMAGE'}	 {'small_image_url': 'https://images-na.ssl-images-amazon.com/images/I/B1ii2M3ivVS._SL256_.jpg'	 'medium_image_url': 'https://images-na.ssl-images-amazon.com/images/I/B1ii2M3ivVS._SL800_.jpg'	 'large_image_url': 'https://images-na.ssl-images-amazon.com/images/I/B1ii2M3ivVS._SL1600_.jpg'	 'attachment_type': 'IMAGE'}]"	B08PPFMF8Y	B08PPFMF8Y	AHBYFZ33UFNQBWCTDIU52H4I4XYQ	1609388431577	2	True
4.0	Four Stars	Refreshing.	[]	B00O92P0KU	B00O92P0KU	AEBQZX5FG7X3LKB4TLV23KZVMVVQ	1483586119000	0	True
5.0	Doug Miller supplements are the best.	This a very good pre workout. The pumps are good. I would give it a 8 out of 10 👍	"[{'small_image_url': 'https://images-na.ssl-images-amazon.com/images/I/71cOuQqBfDL._SL256_.jpg'	 'medium_image_url': 'https://images-na.ssl-images-amazon.com/images/I/71cOuQqBfDL._SL800_.jpg'	 'large_image_url': 'https://images-na.ssl-images-amazon.com/images/I/71cOuQqBfDL.jpg'	 'attachment_type': 'IMAGE'}]"	B07G8NH66P	B07G8NH66P	AFFH6PCGZGBEUYRQK3OHSY6YV3MA	1564014334080	0	True
3.0	Does not do for me what it says it can do.  Hold shoulders back?????	"It did not work for me..maybe it would work for a younger	 smaller person.<br />Not enough strength in it to help me.  Sent it back.  Oh	 it was not expensive	 so......"	[]	B09CP7NRL5	B09CP7NRL5	AG5UZSLWD4JOEWARRUG47DZA3DKA	1654808282063	0	True
5.0	Excelente producto!	Considero el producto excelente para controlar la acidez y la buena digestión por lo que lo recomiendo plenamente y el servicio en el envío resultó muy bien y rápido.	[]	B00D3O24J0	B00D3O24J0	AH47OVYLLIDEKY7RTUYU4QLXMMUQ	1641999153988	0	True
2.0	Great color	Works like it is supposed to. Great color. Updated review: After I originally wrote the first review the kickstand broke off. It's cheaply made. You get what you pay for.	[]	B01N2PMY9Z	B01N2PMY9Z	AHWMWT6QWF5QRTJGG2XCPYKNOSXA	1492790674000	0	True
5.0	Five Stars	Great product.	[]	B0054RVJUO	B0054RVJUO	AEFLYRCCV67BUGJHHXQ4DGZPJ6HA	1446770835000	0	True
5.0	Useful	"When I wear my mask and go to the grocery store	 and I open refrigerators	 my glasses usually fog up. However	 when I use this	 my glasses do not fog. This is definitely very useful."	[]	B08CF34W13	B08CF34W13	AFJ6HYY2RKRPEIEWESVPJZQFU7NA	1603411268455	1	True
5.0	Applebee's Gift Card	"Of course	 what's not to love about Applebee's	 including<br />their gift card! Ordered it before Christmas and made it<br />here in time!!"	[]	B002UKNGN6	B002UKNGN6	AFWXXQTCZWBZ34I4ICN6B5DCMKNA	1264205525000	3	True
5.0	Nutritionist endorsed	"After getting these supplements	 I took them to my nutritionist.  She went over the list of ingredients and said that she was ""very	 very impressed"" with the ingredients and the quality of those ingredients.  I have incorporated them into my supplement regimen.  They are an excellent value for the quality you are getting."	[]	B08Z29CV5L	B08Z29CV5L	AEDIEV5ETZJ4YEFEVJGVTHB5KYNQ	1648521799638	0	False
5.0	"Sister says it works great to ""drown out"" noises"	Was given for a gift.  Sister says it works great to &#34;drown out&#34; noises.	[]	B000LQI2S0	B07FTK5DWF	AFKOITVGARH7NP2CXHFDOVZBOWFQ	1425417601000	0	True
5.0	Five Stars	Good scale	[]	B00JRF4THY	B00JRF4THY	AGLV42YRBT75IBTIH5QQQGHI2H6A	1440540876000	0	True
5.0	Five Stars	I love putting few drops on my pillow it help full asleep so quickly and peacefully	[]	B01452A92W	B0B4328BFW	AFHKMVSZAZDFLDM3MK7FXZLE74OQ	1503500537298	0	True
5.0	Good	good for my tennis plays	[]	B08MB8PCWD	B0CB33QW6H	AHVNYL65MKMJLM7ZF274R7XCM7KA	1623811415345	0	True
5.0	Give it time...it works	Has helped my chalazion. I put this one daily and results are shown slowly but it is better than having surgery done. I do warm compresses and then rub this on my eye.	[]	B06Y4WY962	B06Y4WY962	AG4NG36WM7GIINCW3YOSCTXKW4NA	1536102802184	0	True
5.0	I Feel Amazing	"I feel amazing after starting the Thyroid Support. While I have had my thyroid checked	 and it has come back normal. I decided to try these because I have always felt that my thyroid is off. I have been on these a week	 and I feel amazing. I have a bit more energy and I have lost 3 pounds. Not sure if the weight-loss is because of this or not	 but I will take it.<br />It is easy to take	 and it is simple.<br />I am actually amazed at how great I feel. Did I say that already? I did receive this bottle for free for review purposes	 but I am going to be purchasing these again and again since I do feel so good about the product."	[]	B010OFZVIQ	B010OFZVIQ	AFWYVQJNN3O34LXA76GXHADUG4GQ	1441228026000	0	False
5.0	Result is visible after couple of uses	"Really good toner! Definitely buying again! I have a sensitive skin and it gently exfoliates	 love the appearance of my skin after it❤️❤️❤️"	[]	B07KFNQR8X	B07KFNQR8X	AH32UFSTQNPPE46ESVIFF2LOPPBQ	1570285809687	0	True
4.0	"unwieldy shape but works great	 no breakouts"	my glasses are from warby parker and are therefore plastic (not metal with adjustable pads). I clean the oil off them and add a generous smear of this wax and it keeps my glasses up for hours without feeling sticky. I also am prone to acne and don't find that this makes me break out. My only concern is the shape of the stick makes it really hard to get full coverage on my (or my boyfriend's) glasses pads. I'm not sure what shape would be better (maybe those eos convex circles?) but I have to get really creative with the angles.	[]	B00O0CK2UM	B00O0CK2UM	AFCAM2KLMQK4TC5RGMD37J2WG6WA	1483216434000	2	True
5.0	Old age help	Great for getting my shoes on as old age is not kind when trying.	[]	B018MW1HLI	B018MW1HLI	AF3U5TBV5334YQ2SO3XNQD7X2JUQ	1513080530733	0	True
5.0	"Great price	 hard to find"	Great for sore tired muscles	[]	B08VFCGCRH	B08V8PRRPW	AGTGHDB2GDCRB5MWM7CUJBQWFOYQ	1629140966144	0	True
5.0	Five Stars	I love it for me	"[{'small_image_url': 'https://images-na.ssl-images-amazon.com/images/I/61oydqMWRdL._SL256_.jpg'	 'medium_image_url': 'https://images-na.ssl-images-amazon.com/images/I/61oydqMWRdL._SL800_.jpg'	 'large_image_url': 'https://images-na.ssl-images-amazon.com/images/I/61oydqMWRdL._SL1600_.jpg'	 'attachment_type': 'IMAGE'}]"	B072WDTCRD	B072WDTCRD	AHU6KZQB5F57CERJG3ZLZDWYVWEA	1523456401483	0	True
5.0	Perfect for work	I'm an ER RN. I work 12-16 hour shifts. Compression socks are essential and I've tried a ton and these are my absolute favorite	[]	B07CVPKF77	B078X2T2B8	AESLYGLJWV7WCWH2IQHQMTM6WF5A	1645474894733	1	True
5.0	great for price!	I have paid upwards of $30 for only 3 brushes.  This is a great deal....will be ordering more in the future for sure!	[]	B003EN42OK	B0C71W41C5	AHOIHVP6OXF3ZJDOQGOAC3NOGNBQ	1364559607000	3	True
5.0	Traveling with ease	Makes a long flight bearable!	[]	B091KVVFQC	B091KVVFQC	AFBIKW235C3GVH4DAJSK7EU4HADA	1629323521127	0	True
4.0	Works well	"Was recommended by someone and after a few weeks you can feel a difference. My aunt suggested it for a heel pain that wouldn't go away with traditional meds tried full life Reuma Art and got amazing results. Bought it for my husband who was in a serious accident with multiple fractures	 he feels a difference but perhaps not as much as someone who may have a general pain."	[]	B018L923K6	B018L923K6	AHPXTW6AB7Q6C2ZVFG7TM2LR7U3A	1466524364000	1	True
5.0	Grest on skin.	Great for for adding moisture	[]	B0711M5C1B	B0B4328BFW	AGP4NZ7KOGXZMAJ3CRKVLNWCCYPA	1561994001918	0	True
5.0	Call me impressed	"This stuff is amazing. I have tried all kinds of eye glass cleaners but nothing like this. This stuff is simply amazing. Buy it	 you won't be sorry . It does something to the glass that makes it so nothing sticks to it. You've made a lifelong buyer out of me"	[]	B085S7QW3Z	B085S7QW3Z	AH7QQANSYSWU2Z6IEVLIPO3TUMYQ	1588913039602	4	True
3.0	Bought as a gift	"bought this as a Christmas gift. No clue about the product	"	[]	B06Y6MGLT8	B06Y6MGLT8	AEB6CROIRLVHD2X7S7ADERMHVBCQ	1544142280383	0	True
5.0	I was recently in Mexico & it rained quite a ...	I was recently in Mexico & it rained quite a lot. We were in a jungle environment & most others were heavily bitten by mosquitoes. I came away without any bites!  So I fell it really works!!	[]	B0001ZWPI4	B0001ZWPI4	AE5EZDAC4GW2B35RUKW472NENGGQ	1529862734102	0	True
5.0	Five Stars	Best roller I've used. Lighter color than in the photo.	[]	B004ESPADQ	B07VF9GBBX	AHAHJPILYN5OMGMADLGFPYTEU4DQ	1445274676000	0	True
1.0	Uncomfortable very rough	Hurt your feet felt lumpy	[]	B086QTK8DQ	B086QTK8DQ	AFFN3QDWNIR7HRLFY2YYT7YZ3CZA	1612066128797	0	True
5.0	Great pump	"My Breville Dual Boiler would fail to pull a shot at times	 no pressure.  Isolated problem to the pump and now its as good as new."	[]	B00UCH2NQ0	B00UCH2NQ0	AGH2VFE7UEQXHPIFOFUYTX3PJ5HA	1547762059430	4	True
5.0	Works great!	"I consider myself to have a pretty big head and rounded at the cheeks.So I orginally ordered a large	 it was to big. Sent it back and got a med. Fits great!  I got it because I got kybella and wanted to to help with the swelling."	[]	B0167MQM3S	B07MJRPVFJ	AEA2TARMDQ5KUWRESVVFV363MTIQ	1563221913223	1	True
3.0	Three Stars	"I guess it's fair	 not sure"	[]	B003IFSPUQ	B003IFSPUQ	AGHXS4PWGZU5BNH43VCEQJKVTLEA	1421186512000	2	True
2.0	Never had Biz not work until this box.	"I have used Biz for years and it seems to get every stain out. The box I ordered off of Amazon	 however	 will not even get everyday dirt out of my kids' clothes. Perhaps it's old."	[]	B00NNDD1N4	B07ZDSH25Y	AEEXL6OKU2N4EGRX7G6G545PLWXQ	1588457166402	1	True
4.0	Four Stars	good	[]	B000WN58ZM	B000WN58ZM	AHZRJRVE2JX3NCJWBBDLS675RYEA	1447774696000	0	True
5.0	Decent for the price	Appears it could fit a variety of body times and decent quality for the price. The ring pieces are slightly stretchy and there is two so should fit a varity. Overall seems comfy. The stitching also seems pretty good and durable. The clasp that sucure the rings also appear pretty tough.	"[{'small_image_url': 'https://m.media-amazon.com/images/I/61UiXDcY1ZL._SL256_.jpg'	 'medium_image_url': 'https://m.media-amazon.com/images/I/61UiXDcY1ZL._SL800_.jpg'	 'large_image_url': 'https://m.media-amazon.com/images/I/61UiXDcY1ZL._SL1600_.jpg'	 'attachment_type': 'IMAGE'}	 {'small_image_url': 'https://m.media-amazon.com/images/I/81BusBj5zqL._SL256_.jpg'	 'medium_image_url': 'https://m.media-amazon.com/images/I/81BusBj5zqL._SL800_.jpg'	 'large_image_url': 'https://m.media-amazon.com/images/I/81BusBj5zqL._SL1600_.jpg'	 'attachment_type': 'IMAGE'}	 {'small_image_url': 'https://m.media-amazon.com/images/I/81aMKWq2ohL._SL256_.jpg'	 'medium_image_url': 'https://m.media-amazon.com/images/I/81aMKWq2ohL._SL800_.jpg'	 'large_image_url': 'https://m.media-amazon.com/images/I/81aMKWq2ohL._SL1600_.jpg'	 'attachment_type': 'IMAGE'}	 {'small_image_url': 'https://m.media-amazon.com/images/I/81cygRZCQ+L._SL256_.jpg'	 'medium_image_url': 'https://m.media-amazon.com/images/I/81cygRZCQ+L._SL800_.jpg'	 'large_image_url': 'https://m.media-amazon.com/images/I/81cygRZCQ+L._SL1600_.jpg'	 'attachment_type': 'IMAGE'}]"	B094ZBWW8P	B094ZBWW8P	AGMODBXUBV5OW76OPGH7LLKKUL5Q	1638313345362	0	True
3.0	It hurts if you don't get it exactly right	"This is an interesting neck/back massager. Unless you have this perfectly centered on your spine and you don't move it HURTS to use. I wasn't much of a fan as I'm someone who moves around a lot and this just wasn't comfortable to me. I wish the massager wasn't as hard	 I feel like if I use this for more than a couple minutes I'm going to end up with bruises on my back."	"[{'small_image_url': 'https://m.media-amazon.com/images/I/517+zPT4coL._SL256_.jpg'	 'medium_image_url': 'https://m.media-amazon.com/images/I/517+zPT4coL._SL800_.jpg'	 'large_image_url': 'https://m.media-amazon.com/images/I/517+zPT4coL._SL1600_.jpg'	 'attachment_type': 'IMAGE'}	 {'small_image_url': 'https://m.media-amazon.com/images/I/616u6yqz-QL._SL256_.jpg'	 'medium_image_url': 'https://m.media-amazon.com/images/I/616u6yqz-QL._SL800_.jpg'	 'large_image_url': 'https://m.media-amazon.com/images/I/616u6yqz-QL._SL1600_.jpg'	 'attachment_type': 'IMAGE'}	 {'small_image_url': 'https://m.media-amazon.com/images/I/61AQzA4dlaL._SL256_.jpg'	 'medium_image_url': 'https://m.media-amazon.com/images/I/61AQzA4dlaL._SL800_.jpg'	 'large_image_url': 'https://m.media-amazon.com/images/I/61AQzA4dlaL._SL1600_.jpg'	 'attachment_type': 'IMAGE'}	 {'small_image_url': 'https://m.media-amazon.com/images/I/61BZIObx3LL._SL256_.jpg'	 'medium_image_url': 'https://m.media-amazon.com/images/I/61BZIObx3LL._SL800_.jpg'	 'large_image_url': 'https://m.media-amazon.com/images/I/61BZIObx3LL._SL1600_.jpg'	 'attachment_type': 'IMAGE'}	 {'small_image_url': 'https://m.media-amazon.com/images/I/61GRzz2sEgL._SL256_.jpg'	 'medium_image_url': 'https://m.media-amazon.com/images/I/61GRzz2sEgL._SL800_.jpg'	 'large_image_url': 'https://m.media-amazon.com/images/I/61GRzz2sEgL._SL1600_.jpg'	 'attachment_type': 'IMAGE'}	 {'small_image_url': 'https://m.media-amazon.com/images/I/61cWCMEIo6L._SL256_.jpg'	 'medium_image_url': 'https://m.media-amazon.com/images/I/61cWCMEIo6L._SL800_.jpg'	 'large_image_url': 'https://m.media-amazon.com/images/I/61cWCMEIo6L._SL1600_.jpg'	 'attachment_type': 'IMAGE'}	 {'small_image_url': 'https://m.media-amazon.com/images/I/71hN63COuTL._SL256_.jpg'	 'medium_image_url': 'https://m.media-amazon.com/images/I/71hN63COuTL._SL800_.jpg'	 'large_image_url': 'https://m.media-amazon.com/images/I/71hN63COuTL._SL1600_.jpg'	 'attachment_type': 'IMAGE'}]"	B0B8F2L94N	B0B8F2L94N	AHFQ4ORC2NRTBOORDU2MNCJWBH3Q	1663389480397	0	False
5.0	Absolutely powerful	"RIP brother.. :(<br /><br />This stuff is the best in the market.. Don’t believe me	 just try it!!"	[]	B07982M6BC	B07982M6BC	AFEAQ4LSKC6LHN4JYRREG3OR6CJA	1532927256886	0	True
5.0	Five Stars	Works great!	[]	B01FFQQNRW	B01FFQQNRW	AHKA2UKCYOJE3XGM4FQJIK4NHXDQ	1501875705840	0	True
5.0	"Sturdy clips	 looks nice	 use for wide pendant necklace"	"My daughter crocheted a hand-size square with a design for me	 and I use this chain not only to display it on my wall	 and also to wear it as a necklace."	[]	B01N08N4FD	B01N08N4FD	AG4M43C63RISL3QTQXIH3TXAWLIQ	1642977047210	0	True
5.0	Fit snug	Seem like they will do well for powerlifting	"[{'small_image_url': 'https://images-na.ssl-images-amazon.com/images/I/715K12zHcjL._SL256_.jpg'	 'medium_image_url': 'https://images-na.ssl-images-amazon.com/images/I/715K12zHcjL._SL800_.jpg'	 'large_image_url': 'https://images-na.ssl-images-amazon.com/images/I/715K12zHcjL.jpg'	 'attachment_type': 'IMAGE'}]"	B07P9S6ZT8	B07P9S6ZT8	AEWIBN2U4LCOLW2KLBPDUNYMO6XQ	1580517267759	0	True
5.0	"Tastes terrible	 but works!"	Not tasty at all. But it regulates and improves hormonal balance and you will definitely get your mojo back. A tablespoon every day and give it at least a month. I've tried other types of maca before but this is the only one that gave me noticable results	[]	B010FMV790	B010FMV790	AHNSLTD7D6QQNSJXZDVNYLV65RPQ	1557088155715	0	True
5.0	Excellent. Keep all bar and table glasses dust free.	A must have for anyone with a full set of table and bar glasses. Avoid washing the dust out of your glasses when hosting a party or dinner. Impromptu gathering? No problem. Glasses are clean and ready for use right out of the cabinet.	[]	B0716KH3F1	B0716KH3F1	AHXFR2C3CIGLVVFZFRR6ZFPR6LJA	1541990311103	2	True
2.0	Two Stars	ok	[]	B00A7CNS0A	B00A7CNS0A	AEJTEA35UWQC4DQVTDBIPGDK2CQA	1405633529000	1	True
5.0	"I also recommend Antronex	 to clear the build up of histamine ..."	"I just bought this	 but I am excited to try it.<br />I also recommend Antronex	 to clear the build up of histamine in the liver:<br />http://www.amazon.com/Standard-Process-Antronex-330-T/product-reviews/B0019FUFEQ<br />Then I am going to follow the course (my homeopath put me on 2x tabs three times a day as my reactions were every hour) oth a liver and gallbladder cleanse. SO far I've been doing the antronex for a week and rarely break out.<br />yay!"	[]	B006FV62YG	B006FV62YG	AH4NFQZG5ERHT7PKHFNDZB6U25TQ	1410324730000	5	True
5.0	"Very useful	 better than expected"	These are perfect for keeping your meds handy. Lid stays closed even if you accidentally drop it. 3 compartments keeps things from disintegrating from moving around in there.	[]	B074CC5RXR	B074CC5RXR	AHPQUYXD2TJHSZB4N3S7EHI4DCCQ	1534093393491	0	True
2.0	"I love ya honey	  BUT"	"Although gratefully a sturdy case	 the clip on the case doesn't open enough for securing to every location.  The case also has a plastic tab over the on-off bar that makes it difficult to push.  Finally	 this case is VERY difficult to get on and off of the pump."	[]	B01MYGJI6N	B07CNXP29G	AEYT3PEIGV542WMSUZ22EWWAEFSA	1505006138026	0	True
1.0	Not the Works I’m used to!!!!	"As soon as I saw packaging	 I knew something wasn’t right.  Each container was tapped several times around lid. I thought for safety	 but soon realized that they were probably opened to delute them and needed taped shut. Very weak	 and could tell right away it was thin and not like the Works I’ve used for years and love!!  A waste of money	 DO NOT BUY.."	[]	B08FDYGN13	B08FDYGN13	AEESVXD7SIMYEXXE37XVIC24ZL3A	1646058014562	0	True
4.0	Works well	"All rocks are different	 has a rough area and a smooth area which work wells for what is needed."	[]	B0746BLC31	B0746BLC31	AESICRZMD46QPNWGAXNHYYQCX6KA	1547607220956	0	True
5.0	Great value	"Got this for my Yorkie	 great product exactly what i needed for him."	[]	B08B7238H5	B0963Y93GG	AE4O53NFLFWNKC7O3OSPK5QB55JA	1624454572657	0	True
5.0	Hard to find Pearl Drop TEETH Polishing DROPS	Very hard to find in the States Pearl Drops Teeth Drops Teeth polishing drops From across the pond!<br />Fresh Mint polishing drops! Just like one would find in your densest office!<br />However this is on your tooth brush! Lets you polish your teeth as you brush your teeth!<br />Easy to use as you brush you teeth each day! Just brush you teeth once a day!<br />helps keep your teeth nice and White with out all those nasty harmful chemicals in ones mouth!<br />and present testing mint teasing too!	[]	B01KOQTBA4	B01KOQTBA4	AFKZSDUBJQDUTJKQ5PKOBV23EYCQ	1587165530570	9	True
5.0	This is AMAZING!!	My son had RSV and was coughing soooo bad! I gave him this and after a couple days his cough is minimum to NONE! This really works! It's spicy so I gave it to him with juice. He's only 5 yrs old.! The doctors of course gave him synthetic medicine that i felt like did barely anything.  This WORKS!!!!	[]	B08L8H5S7L	B08L8H5S7L	AHV2AFJCKHVDYYRCTOI5HBQJT2KQ	1625939015517	5	True
5.0	Five Stars	Good product. Serves the purpose	[]	B00ZQE33RW	B00ZQE33RW	AERUBS6OCZ6YGKVJBDUWST3CRPKA	1461434616000	0	True
5.0	Awesome	I drink this stuff after every workout.  not only does it taste 10x better than muscle milk I feel much better the next morning.	[]	B004AWD1CS	B004AWD1CS	AF2H3MZZ3UHGGMTRGIXTC6UWVOPQ	1349525204000	2	False
5.0	Glad to have found a source of the small Rescue pads	"My grocery store doesn't carry these any more. I've always used them for dishes and kitchen/bath cleanup. I like the smaller size for my small hands and for getting inside of narrow glasses	 etc."	[]	B07PGQGSMB	B07PGQGSMB	AHFBPASOZPZXT7PEIYOBASLQYBYQ	1579299462363	0	True
1.0	Tiny tissues!	"These are child size	 an adult could not blow their nose in one of these!"	[]	B085NPN2VQ	B085NPN2VQ	AFDBUFI6E2YDGL46RXK6KHJ4IRPQ	1604265480265	0	True
5.0	IT WORKS	I use Fo-ti to prevent grays. I’m in my 50’s and this product works great!!!	[]	B00U9SN9DS	B00U9SN9DS	AH2B5HGMD23LRODY4VZUTP3Y2KNQ	1631114892118	0	True
4.0	Blue Bristles Do Not Turn Clear After Repeated Use	"Brush heads work very well just like the Phillips brand brush heads except that the blue stripe on the bristles do not turn clear after they wear out. Thus	 there is no way to tell when it is time to throw it out and get a new brush head."	[]	B00QSDV08Y	B00QSDV08Y	AHYK532EQPNPPHDR5X45YCU72SHQ	1455578785000	0	True
5.0	Massage and heat	Works great. The added heat makes this massager even better	[]	B07C31JSYT	B07C31JSYT	AHET3UAHLJVQ6ESSJN6LXRO5EZHQ	1540836964269	1	True
5.0	Perfect size for accessories	Perfect little shopping bags for my craft markets	[]	B08DV5PNY2	B08DV5PNY2	AFSAQNAAZQFGQ6OEGY273SFKMDKQ	1603242865651	1	True
5.0	Solved my Husband's lower back issues	My Husband drives tractor trailers across country so he is sitting for hours everyday.  I purchased this seat cushion because he began having lower back pain and hip pain due to the truck seat being too hard.  This cushion immediately stop the pain in his back and his hip.  It is very thick and wide so fits the seat perfectly.	[]	B01CKMP21W	B01CKMP406	AHERUS57GI7V4DLQZKISWK6VFI3Q	1621655644292	0	True
5.0	Great buy	Came fast and works great	[]	B011X3C8CK	B011X3C8CK	AGHY4IPB44THZDTBW3KZYLSEQUXA	1480391716000	0	True
4.0	Five Stars	Very good. Many times the electrodes take off from your skin when you are using it what is too uncomfortable. The snaps take off from the electrodes too. I have had fix some of them. The electrodes are not a good quality. For building and workout muscles it is awesome.	[]	B007V42I0S	B007V42I0S	AH43IWTPLWU3XVGL25PLV3UWC67Q	1451023556000	4	True
5.0	Five Stars	This product allows me to eat spicy and not have heartburn or acid reflux	[]	B00MU3LPYK	B00MU3LPYK	AEJQCNNMJFRFJE67WVPDFJJZZB7Q	1423106755000	2	True
5.0	Working great.	Using it now. Working great.	[]	B00NVRQGHA	B00NVRQGHA	AGDVORIB63FL3L347SO62OWEQ6MA	1497627293243	0	True
5.0	Use the Small Screwdriver many ways	I like these Screwdrivers a lot.<br /><br />You can use the Small Screwdriver many ways. Slice open an Envelope. Remove a Label. Pick your teeth. Pry open something small.<br /><br />Of course I tighten my glasses about once a week.	[]	B004JZMWLW	B004JZMWLW	AEZ6ROS23DGBGT5T3PV2TVVACKXQ	1331605557000	2	True
4.0	Ok	Is ok	[]	B07WQV63BN	B07WQV63BN	AEOI2GR34LFUX5KFZOQ5YMHXFWHA	1584075900547	0	True
5.0	Easy to use	Easy to use	[]	B081H55MTD	B081H55MTD	AGN366AQEUTLP4XPDWIFU7XG7ZYQ	1619200664741	0	True
3.0	A Little Awkward	I shaped it several times but it always wound up being a little tighter than I liked. It's also more like the mouth guard I wore when I played field hockey and difficult to get used to for sleeping.	[]	B079N2V6K6	B079N2V6K6	AFSBVAR65QQBH3DLFMRXWK657D5A	1526321510567	0	True
5.0	Saved the day	Made shoes I deemed unbearable wearable!!!	[]	B07KLJW8YR	B07KLJW8YR	AG7UVTOVMFWEDXSGO2K6POJEG2PQ	1560098442767	0	True
2.0	food grade? No box	i got these in a flimsy ripped bag instead of a glove box. i don't think that's safe for handling food. for me i got them to cut raw chicken so i assume they will still do. i wouldn't be using them to prepare cooked food though.	[]	B086BYFYR5	B086BYFYR5	AHMZS6PBDFZJONZNP6KXD65UITGA	1590942426464	2	True
5.0	Five Stars	I love this one!	[]	B00O7IGXIE	B00O7IGXIE	AGGF4XXIM4FPGTPMXMCMCQ6VH2SA	1457468123000	0	True
5.0	Good stuff!	I've been using this for awhile. I like it better than Bio Freeze. It has 2% more menthol so it provides more cooling relief. Plus it is about half the cost.	[]	B07L4Z37WC	B07L4Z37WC	AEYMWGUELA2NIWVE3QI56MWF2OQA	1619289370119	1	True
1.0	Gives me a stomach ache	Gives me a burning stomach ache every time I use it.	[]	B071F4Z16T	B0BLGM5PDZ	AE4VQ4ACQOKQGGR4F2GZ54M2YQ5A	1585580886269	0	True
4.0	"Two bottles of solution	 only one lens case"	"Clear Care works very well to keep contacts feeling like new. However	 in this package	 you receive two bottles of solution but only one case; manufacturer’s instructions are to replace the case each time you open a new bottle (I assume because the ring inside the case wears out a bit each time it activates the hydrogen peroxide solution). If this package contained a case for each bottle	 it’d be ideal."	[]	B004O2A29E	B08KBQNDJC	AEOVQHJ7NY3NJS3AADIE7BS5WGRQ	1564961859932	2	True
1.0	Garbage!	This product will rip your hair out instead of cutting it. My son cried in pain. DO NOT PURCHASE!!	[]	B073ZGNMYF	B073ZGNMYF	AFCJBZSPTNU67AYS3BCT33Q5G5YQ	1510856360222	0	True
5.0	good product	I was so angry when my product had finished	[]	B000O569FG	B000O569FG	AF4O57XNLY5YIQP3HYLP5THKXDXQ	1490876175000	0	True
5.0	Great vitamins	Great vitamins! They give me a lot of energy!	[]	B078SVG1GX	B078SVG1GX	AECA6OF6ERD3GXKHTZNURFZUIRFQ	1542661289028	1	True
5.0	Great!!	"Have had our first one for 3 yrs and it just started having issues the last few months. Water comes out the sides	 due to it being dropped and handled roughly by toddlers	 but an awesome tool for bath time!"	[]	B002VWJYXE	B0C9H8MYG9	AGGR2A4EJ4NY3R3UYEDVMKG2H27A	1556746617184	0	True
5.0	Great product	Great diffusing oil. Smells really good.	[]	B00O92P0KU	B00O92P0KU	AHMPDZUXZYNZ5TKJLE3WU7DN237A	1472444981000	0	True
2.0	Average quality	From the very beginning the blades were inferior to the Norelco brand.  They don't cut cleanly and I had to go over the same place multiple times to get a clean shave because they miss so much on each pass.  Spend the money to get the true Norelco brand because those blades will outlast and outperform this knockoff band in so many ways.	[]	B08HKVF225	B08HKVF225	AH2JNV375QSCXNLAH2KUV7AS5Q6A	1632620377692	0	False
2.0	Very strong flavor	"Did everyone get a free bottle in exchange of a 5star review?<br />I must say this orange flavor is horrible. I followed the instructions on how much to use	 but its too strong. I have to add alot more water just to drink this."	[]	B08MB8PCWD	B0CB33QW6H	AG2GBRZKQAL75HY6TH5SFTHGPB3A	1617325659606	1	True
1.0	Waste of money	"Horrible.<br />When you try to remove the strips from the liner they are attached to	 most of the whitening gel sticks to the liner and comes off the strip.<br />Very disappointed"	[]	B06Y6LYCR4	B06Y6LYCR4	AE2LKLQPR3QEUOJQBOCVUVCEERWQ	1536358251820	0	True
3.0	Three Stars	I have on used two out of the box. They left me very tired the next day.	[]	B00VZ7BKTC	B00VZ7BKTC	AHXFU7XKEPWNPGRH5C7TBV4LDTCQ	1462898082000	0	True
1.0	May not fit your walker...	"The description said it fit ""every walker."" Well	 it didn't fit my husband's walker. It was too small. With the tray in place	 the tray left inadequate space for him to get his fingers around the grips of the walker. No matter how much I forced or wiggled it	 I couldn't get the tray to seat any lower."	[]	B01H0SVP9O	B01H0SVP9O	AGK6HLMBYKWKLLH23CETQQBNGKHQ	1557425486923	0	True
3.0	not what I expected	The brush is lightweight and don’t strong enough	[]	B09WQHFCZ7	B09WQHFCZ7	AEKE27DBLZT2GLH34SBLMAJHCGBQ	1656298075798	0	False
2.0	Did not last 30 days	It broke within a month of giving it as a gift.	[]	B0751D21R5	B0751D21R5	AFZMRGPSONYGZ5FODSQIFJ2IRP6Q	1552940073822	0	True
5.0	Nice	Holds everything I need	[]	B018IRFH5E	B018IRFH5E	AFWQLMUQLXD2ZJEJUPNECRDZYJSQ	1464043328000	0	True
4.0	"Soothing	 effective pain relief. NO use or care instructions."	"I've knocked a star	 only because instructions are lacking for this headache relief cap. I mean	 true -- what do you need to know? You put it on like a hat... you can tell which side is the front and back (a little cutout area for the nose and the gel is located in the front of the hat). So	 what's to know	 right??<br /><br />Well... how long do I cool this mask? Can I warm it up for heat relief? How do I keep the mask clean? Is it washable?<br /><br />Hm. The box doesn't say	 and no written use or care instructions are included in the box.<br /><br />I got this particular headache cap because I saw that the online description included HEAT relief	 not just COLD. It says so in the product description	 but is not disclosed anywhere on or with the actual cap when you receive it.<br /><br />***TWO hours in the fridge for cold therapy<br /><br />***TEN to 30 seconds in the 'heater' for hot therapy (a toaster oven is pictured...and I would highly recommend NOT heating the mask this way. I surely hope they meant a microwave! This would be the safest [and correct	 imo] to heat this mask	 or you will end up with a ruined cap and a true headache! ;-)<br /><br />Currently	 I've only used this cap for COLD therapy and I have NOT had to place it in the fridge. The gel is cool to begin with and has been plenty cold enough at 'room temperature.'<br /><br />The light compression and cool gel is very soothing. It has relieved headache pain as well as helped sleep come quicker.<br /><br />I really like this headache cap and will be using it often. I just wish the instructions were a little clearer and included!"	"[{'small_image_url': 'https://m.media-amazon.com/images/I/51AJuqhyFhL._SL256_.jpg'	 'medium_image_url': 'https://m.media-amazon.com/images/I/51AJuqhyFhL._SL800_.jpg'	 'large_image_url': 'https://m.media-amazon.com/images/I/51AJuqhyFhL._SL1600_.jpg'	 'attachment_type': 'IMAGE'}	 {'small_image_url': 'https://m.media-amazon.com/images/I/51dSK+xgoJL._SL256_.jpg'	 'medium_image_url': 'https://m.media-amazon.com/images/I/51dSK+xgoJL._SL800_.jpg'	 'large_image_url': 'https://m.media-amazon.com/images/I/51dSK+xgoJL._SL1600_.jpg'	 'attachment_type': 'IMAGE'}	 {'small_image_url': 'https://m.media-amazon.com/images/I/61k8Xn-vm4L._SL256_.jpg'	 'medium_image_url': 'https://m.media-amazon.com/images/I/61k8Xn-vm4L._SL800_.jpg'	 'large_image_url': 'https://m.media-amazon.com/images/I/61k8Xn-vm4L._SL1600_.jpg'	 'attachment_type': 'IMAGE'}]"	B09NVKRRW2	B09NVKRRW2	AHU6H4OZYENZIG7OGXLW6LPFPIVQ	1645469765046	1	False
5.0	Quality	"Nice fit	 good quality."	[]	B01KJ8TO54	B0BTWKCMFJ	AH45PEDCOIHI5IQ3ZNDRTWYTQVCQ	1547521420192	0	True
3.0	Missing rubber	I did not receive the rubber pieces to keep it steady In the shower.	[]	B085N7DS8N	B085N7DS8N	AFESKZDQWLBEQNULGP7RSXG4TSCQ	1605834029952	0	True
5.0	So cute!!!		"[{'small_image_url': 'https://images-na.ssl-images-amazon.com/images/I/71TxHJ8KkIL._SL256_.jpg'	 'medium_image_url': 'https://images-na.ssl-images-amazon.com/images/I/71TxHJ8KkIL._SL800_.jpg'	 'large_image_url': 'https://images-na.ssl-images-amazon.com/images/I/71TxHJ8KkIL.jpg'	 'attachment_type': 'IMAGE'}]"	B00LBGUZRA	B00LBGUZRA	AG4SO7PUUPTMNQS4CCCNM75PKNDQ	1486677493000	0	True
1.0	unreliable scale!	This scale gives different weight every time no matter how much you caliber it	[]	B0014JVJQK	B0014JVJQK	AGDT4IUM434VAGCCJKYQHE6NCX5A	1435409137000	0	True
5.0	Great	Use everyday	[]	B07HB77GHN	B07HB77GHN	AFGRUWNO3PVDACQ43CHNKJUM3FGQ	1563803174804	0	True
5.0	Wonderful!	20:1! Great product and very fair price compared to others available!	[]	B01M6CLAGI	B01M6CLAGI	AFZ44XB5U2UONVLL7V3QVTA6WTUQ	1558707286542	0	True
5.0	Great product! Works well!	"This product  has helped me in two ways..... I get restless legs in the evening	 and foot cramps. I roll it on my lower legs and feet they are good for the night."	[]	B00EAIE75W	B00EAIE75W	AELVEHLJXESCCXYPMR6J3EOKXOQQ	1589307178036	0	True
2.0	Veeery salty tasting!!!	"Waaaaaay too salty tasting!!!  I have been taking Pure Planet &#34;Just Barley&#34; for years.  I have loved it	 as it always gave me a boost in every way.  Because of the high cost	 I thought I would try this brand	 which was lower priced.<br /><br />I took a taste (I take it straight in my mouth - found it to be most efficacious this way) and OMgosh!!  Sooooo salty!!!  So	 I looked at the sodium level on the label and it states the same amount as the Just Barley.  I don't see how it can be the same when the taste is light-years apart!!<br /><br />I don't know what would cause it to be so salty	 but I cannot take it so I am returning it."	[]	B00D6NXVRC	B00D6NXVRC	AEF2LSM5TA3YOOFLMVU6YIR6I2PA	1451755821000	8	True
5.0	Good quality construction	Good construction and a nice size and shape for therapy.	[]	B07BJN87QK	B07BJN87QK	AEHHT6YOS6GEYUJ5WJLNCSPFYOAQ	1541126141603	0	False
4.0	Fully inflated it is very useful	Needs to be fully inflated with no slack. Used With a little slack for the persons head and water flowed out under the head onto the bed.	[]	B08DG5RXB4	B08DG5RXB4	AFGDWB7ZWCABGUWFGZPZUVLVLMKQ	1599942894798	7	True
5.0	Great Product	"I have to stay in Ketos to lose weight	 this product does that."	[]	B077Z6WFJC	B077Z6WFJC	AHXQ635KQMIXMSE4764P77U7LQRA	1535210495863	0	True
3.0	Three Stars	"Although the cuff worked	 it was too large"	[]	B00009ZY40	B00009ZY40	AGKI2XGFNENJOTUMG7IOSBADWZ5Q	1435343493000	0	True
2.0	Disinfect it before you use	"The box was already opened when I received it	 this is obviously not new"	[]	B08CNC6CN6	B08CNC6CN6	AFCPNITZRERXKXS2KF3ZZMGVSHFA	1613706373074	0	True
5.0	Fantastic	Really has helped me drink more water.	[]	B0916CPYWS	B09XFC1X43	AG5L3Y3JBUUBMK7UG5IF6REE6D2Q	1657143297586	0	True
5.0	perfect	"it is exactly what i needed.  The length is perfect.  it has a small handle to hang it up and it is strong	 it will not break easily as some other reviews might have suggested.  I love them and I got 2 in the package ... very reasonable."	[]	B018MW1HLI	B018MW1HLI	AGFCC7ZK22UTTLGMS3JZIDBFTIKQ	1533571142480	0	True
5.0	The Price is Right!	The Price is Right! Super fast shipping. Nice	[]	B01EW9V5DK	B01EW9V5DK	AHTWWFQHOSV2JRUIHUWCM62JE4MQ	1487181653000	0	True
5.0	So easy to use	"So easy to use!  once you adjust the first time	 all you have to do is clip and go next time... Really like it."	[]	B00A7AMDJO	B00A7AMDJO	AFXJQVK5DJ7QXHF3TYYIMF5A65OA	1505539885130	0	True
5.0	Five Stars	Very good	[]	B00295IW54	B00295IW54	AEKSLUBLMWFQPFFH3DLVPEJZZ7FA	1507950664014	0	True
5.0	Five Stars	Awesome!	[]	B009KP6RMG	B009KP6RMG	AHWPTU7DGWYHTQOGNJKVMJQG4PNA	1418936753000	1	True
5.0	Fabulous.	"They are adorable	 and comfortable. The material is so soft. Love them."	[]	B07HMYV5YD	B07HMYV5YD	AHVNRG42BVMXGUHXV3F2YQHQM6MQ	1602519625169	0	True
1.0	Puffs absorbed all the rain water it was left in.	"Whom ever delivered it 	 left it in a puddle of water. Didn't ring or knock. So I have to say VERY ABSORBANT!"	[]	B07HSF5HTX	B0BSRPX53Z	AGJWQ4V4AU5Y4RDBYLRAZY3FNJFQ	1633017935924	1	True
5.0	Pretty great	"I was debating whether to give this a 4 or 5 but I think it deserves a 5. Let's talk about the preformance first. I actually use this for my bubble baths. I'm not sure if it's recommended to use this without salts/bath products but those are not the type of baths I enjoy. It allows for more bubbles	 and keeps the bubbles going until I'm done with the bath.<br /><br />There are two settings but I honestly don't see or feel a difference between the two. I think on either setting it's quite strong. I love the way it lightly massages my back. I love that I can easily turn it without moving the whole thing.<br /><br />The sound is not too loud at all. It's there but it's not loud in my opinion. I'm not sure what people who complain about the sound were expecting. I was actually expecting it to be louder.<br /><br />One negative thing about this is that the writing on it is starting to rub off. This wouldn't worry me if that writing didn't tells you how far it can stay in the water. I can always estimate it	 so its not the biggest deal. I know this is happening from the oils and bath products I use with it.<br /><br />BOTTOM LINE: I am very glad I purchased this product and do recommend it. It makes me so happy every single time I use it! And it makes my bubble baths a hundred times more enjoyable!"	[]	B002Y6KWJC	B002Y6KWJC	AFYOA3C7INKKEWZK67YOEFGNKUXQ	1365324754000	14	True
5.0	UNbound set	"NO words to describe it 	 PROFOUND deep knowledge	 on what we dont really see in ourselves<br /> Everyone must see and read it for deliverance 	 freedom and spiritual growth."	[]	B006JA85T8	B006JA85T8	AF24455TLTF4HWWZLFJUOZBRGFKQ	1351172653000	8	True
5.0	Daughter Loves It!	We mix a little less than one scoop into about 6oz of milk.  Daughter loves it.  Tasted it myself and it does taste very similar to normal powder strawberry Nesquik rather than from a nutrition drink.  $1 per serving is not terrible but will continue to purchase as it has never been wasted.	[]	B07HYGYP3H	B07HYGYP3H	AGNPNBK4JUXQCGASRN4V5TMXV6DA	1559139298760	2	True
4.0	Great product. I ordered 12 and only two have ...	"Great product. I ordered 12 and only two have lids that aren't airtight.  Others are perfect--dry	 capacious	 perfect for tea.  I decorated each one based on the tea I put in it.  Great craft and personalizing product. Could imagine them being great for bulky herbs that need a sealed darkness to stay fresh."	[]	B00CJWTN5U	B00CJWTN5U	AEXC3FMQSQJWR7JMNZWEBF3FMNKQ	1415809415000	0	True
1.0	Cheap and noisy plastic housing.	I do not recommend this item.	[]	B093ZXYT2W	B093ZXYT2W	AEXZ5TUJNGY6AAAPPE4CMWBJYS3A	1672279997166	0	True
1.0	One Star	i received broken	[]	B06W57ZQMM	B06W57ZQMM	AHIJIYMQS6ID277RNTQX6UL65HTA	1499801153122	0	True
2.0	Mounting Hardware not provided as advertised	The metal base was scraped inside the box and it appeared to be a used or returned unit.  The mounting hardware that was advertised as with the unit was not provided.	[]	B008WCZCWE	B008WCZCWE	AGB323TXDORFE5MIFDEPGOVF6TCA	1614010098583	0	True
4.0	Four Stars	Very good at removing different types of stains of unknown origin.	[]	B01ACFAZ02	B01ACFAZ02	AF3GWM45MRTOBILF6WME5G6BAYDA	1505844169537	0	True
2.0	The Pik-release Function Needs Improvement	The rotating knob on the handle that holds the pik tip in place does not pop up as expected when the tip eject button is pressed.  That made me question the quality of your product.	"[{'small_image_url': 'https://images-na.ssl-images-amazon.com/images/I/419W7aq5upL._SL256_.jpg'	 'medium_image_url': 'https://images-na.ssl-images-amazon.com/images/I/419W7aq5upL._SL800_.jpg'	 'large_image_url': 'https://images-na.ssl-images-amazon.com/images/I/419W7aq5upL._SL1600_.jpg'	 'attachment_type': 'IMAGE'}]"	B01ADQS1CO	B01ADQS1CO	AGBVTTOQCB6TOTCDBZWY3EAONMGA	1567376242248	0	True
5.0	Excellent product	"I use this every day	 and gave them as gifts."	[]	B002Q10SVM	B002Q10SVM	AFHYMC5TUUCWS4MNDWGH2UGAGUEQ	1567552476867	0	True
5.0	Gone	Seems to have reduced the cat activity in first several days but not all are gone yet	[]	B071VXZFBW	B0CCWPQL6X	AGPFOC3JKXJUKTOK6PJALGFHEROQ	1581341590453	0	True
4.0	"Not the smoothest brush	 but still quite good"	"I have other	 older lipstick style brushes that are natural animal hair (sable) that I wish i could still get. I was looking for brushes to clean photo slides prior to scanning. This is certainly usable	 but is just a bit coarser than my older natural fiber brushes. It is certainly good for harder surfaces like lenses	 as opposed to photographic slides."	[]	B0000E68SY	B0000E68SY	AHAHSUG5UDYO7GQKDCYNUQO7UCJQ	1362206593000	0	True
1.0	Waste of money spend the $20 to get them from the store	The batteries were low. I am not happy.	[]	B0084UBZW0	B0084UBZW0	AFEW6SHNDNDJFQGZZHPG67WGUTHQ	1580344322863	0	True
5.0	Good	Adorable	[]	B07DN8527T	B07DN8527T	AGEE5THP2FSFBQSM5BB4M6Z6CNHA	1557897424744	0	True
5.0	Five Stars	iT IS DOING A WONDERFUL JOD. tHANKS FOR HAVING THIS GREAT PRODUCT AVAILABLE	[]	B002NMRW7M	B002NMRW7M	AFNQXAEYTLNVO4GVFVVHWNEROHLA	1422468984000	0	True
5.0	BEST!!!	"I've purchased several Emjoi callous items for friends and myself. THIS model is the BEST EVER!!!  Previously	 I used Emjoi's battery-operated model and a different Emjoi electrical model.  THIS is the BEST!  EXCLLENT and my favorite item.  Emjoi makes superior products!"	[]	B00FB3DHTC	B00FB3DHTC	AHMFQJ42CRDKVVIFOUGE53T5C2RQ	1624143689273	1	True
5.0	Didn't receive six full bottles. Only five.	We love the product but one of the bottles had a crack in it ( plastic) and the dressing poured out all over the package and other bottles. So we only received five full bottles  instead of six.	[]	B01MFFVJP2	B01MFFVJP2	AHDNWNXW73EIOL3VXZ5HNUSTIEEA	1591451847598	0	True
5.0	Works great!	"Attached it 3 days ago	 and it's still there. (I have white subway-tile in my shower) I use it for my kids (age 6 and 5) to shower with."	[]	B008C8T742	B008C8T742	AHS7ICMF7I6WE3HRBW3THKL7OKZA	1466893970000	0	True
5.0	Perfect ramp mat!	Perfect ramp/mat. My wheelchair weighs over 300 pounds plus 110 pounds of me in it and it holds up beautifully. No slippage or movement.  It comes with big bolts and instructions for attaching it to floor but you don't need it. The weight of the piece keeps it perfectly in place. Very very pleased with product!	[]	B003DQUMJ2	B003DQUMJ2	AG6JDEWFIXFWYTM377JO2BDTXLNA	1486138134000	1	True
5.0	Good product	I have been using this product for a few years.<br /><br />Ringing is not as loud.  From a 10 down to a 2.  Takes about a week to notice the difference.<br /><br />Good product.	[]	B00EB9WNHO	B00EB9WNHO	AFMKZKWPT67KP7HHK744RWOZZJCQ	1467199440000	3	True
5.0	Five Stars	Excellent way to get protein!	[]	B001180348	B0797M8SFS	AFJKTCSIHFOPHF5NQYMYKKNSDGVQ	1500628842219	0	True
5.0	Five Stars	exelent	[]	B00UPYHCRK	B00UPYHCRK	AHZEYOZ3NRKM7HP3M4TRAR2LNP6A	1481556272000	0	True
5.0	Works great	Worked really well.  Had a slow drain and used 1/2 of the called for amount in two drains<br />  They work perfect.	[]	B00MOIE318	B00MOIE318	AGLXCE4VI2DG2KQYVALUL6WIPOEA	1458168000000	1	True
5.0	Perfect Skechers Replacement	I ordered these in size 11 for my Skechers tennis shoes which are size 10.5. I figured I could cut down if needed but they are the exact size as the existing insoles. Very happy with these as they appear and feel like the exact insoles that came with the shoes.	"[{'small_image_url': 'https://images-na.ssl-images-amazon.com/images/I/91qQUDf3+JL._SL256_.jpg'	 'medium_image_url': 'https://images-na.ssl-images-amazon.com/images/I/91qQUDf3+JL._SL800_.jpg'	 'large_image_url': 'https://images-na.ssl-images-amazon.com/images/I/91qQUDf3+JL._SL1600_.jpg'	 'attachment_type': 'IMAGE'}]"	B07VBML12P	B07VBML12P	AHK3MKJH6J5QI6HXXOWOUTJ6KGJA	1608754412616	14	True
5.0	Works great as a carry all for my hearing aids and supplies.	Works great as a carry all for my hearing aids and supplies.  Nice size to get a few necessary or extra batteries in and is in a very visible color for finding them.	[]	B01MT8NP9V	B01MT8NP9V	AGL4GC6V46EXOFDOJA5JTO56PQ7A	1540835008425	0	True
5.0	Love it!	"So great! Finally an eyelash curler that isn’t one of those scary clamp ones. Great price	 too!"	[]	B07WRB2RWC	B07WRB2RWC	AGWRTJCQ4GLEEVEFDWS4WUXL27TA	1575511672302	0	True
1.0	poor quality	"poor quality	 just used few day it’s not working"	[]	B09KB8DJPX	B09KB8DJPX	AESTY24DCF4ZIS2GZLVFSUMQQVGQ	1651947213400	0	True
2.0	"Mehhhh	 does not work. I bought it for ..."	"Mehhhh	 does not work.  I bought it for my husband in hopes to cut down on  his snoring.  Tried it a hand ful of times with no progress.  Did not notice any reduction on the snoring.  Will be returning the product.  It did not work for him."	[]	B01BV74HHC	B01BV74HHC	AEDT2H724NFPHNSPTU5SV7ZYBJVA	1464811084000	0	True
5.0	Nice rollers	Nice rollers for my essential oils.  Work well and good price.	[]	B00WRPIB5W	B00WRPIB5W	AG6JM6OASRJPICSWRYDODJW4X2PQ	1484834655000	0	True
5.0	very good for the price	These are a good substitute for buying all new masks because the ear piece is too snug...these work great! Haven't worn them long enough to know if they will break but seem like good quality. They also came 10 days early so that was a plus for sure!	[]	B08FCWB2DN	B08FCWB2DN	AHMTO2QQNUEGW6W5TUBI3MZF4ENA	1597085605969	0	True
4.0	works well	Comes out of the freezer really stiff and takes a bit to get pliable enough...  its not frozen solid but its hard enough to be a tad uncomfortable...  It works well otherwise	[]	B015OWBSMW	B015OWBSMW	AGRTJNNCNY4UG6GAPTU333PW6D6Q	1492893509000	0	False
5.0	It actually dissolves & tastes like cookies	"The flavor slaps	 lets be honest. But OMG it actually dissolves! No more grainy liquid with hidden powder chunks that you have to chew...freakin gross. I already have another one on the way cause I am not trying to run out. For real	 put it in your cart"	"[{'small_image_url': 'https://m.media-amazon.com/images/I/91rAHDXfvaL._SL256_.jpg'	 'medium_image_url': 'https://m.media-amazon.com/images/I/91rAHDXfvaL._SL800_.jpg'	 'large_image_url': 'https://m.media-amazon.com/images/I/91rAHDXfvaL._SL1600_.jpg'	 'attachment_type': 'IMAGE'}]"	B08RXJJRF6	B08RXJJRF6	AF5LDTC7QNR7BSIINIWLBHVC3ZUA	1635971027867	0	False
5.0	Great system for Contacts	Since going to my eye doctor  this year. She has me on this Clear Care System for my Contacts. I really like it. My contacts seem cleaner. I don't know for sure but the feel better  on my eyes. I've subscribed  now so we don't run out.	[]	B004O2A29E	B08KBQNDJC	AFRK6YYSOM3MZLSX7VGGHOLLIZPQ	1588557324034	0	True
5.0	👍	Gooooood	[]	B083SD7PMV	B083SD7PMV	AENXSZ7HHPVKIH4HAEM55DGHKMZA	1637447471828	0	True
5.0	It worked for what I wanted it too.	Cleaning my front load washer.	[]	B08HDPBFQN	B08KHZ5QXP	AGXIMBIQ2KT5ESUJXFASJG35BYOA	1614966718537	0	True
5.0	Five Stars	I love my calming citrus all chemical free and natural yoga meet cleaner.	[]	B00XQBHIHS	B0C1HHXQ94	AGC45YXJKMFQN7DNCZNE26I67NZA	1492199041000	0	True
5.0	Very good for dry and sensitive areas	I suffer from dry skin on my legs. This product does is very gentle and not harsh at all. And the colors adds to a relaxing shower/bath.	[]	B08RBPSMVZ	B08RBPSMVZ	AHH7HLL2OT7HF4HCYHRDOBIJDK3Q	1623704599100	0	True
5.0	Best yet	"Good taste	 good price	 good value compared to retail store!"	[]	B00014EF3S	B00014EF3S	AEBY6JE3WUNDGE6GSM47A7KV67XQ	1502938113714	0	True
1.0	Do not buy	I have a huge cat problem on my neighborhood. I sprayed this daily around my porch and car . It did not keep the cats away at all . Save your money	[]	B071VXZFBW	B0CCWPQL6X	AFSW2BQTXDS7BTDSHW2343VQEVYA	1654262640758	1	True
5.0	Not much added sugar	You can definitely smell the ACV as soon as you pop open the bottle.  The gummies thankfully are not bad tasting and not a whole lot of added sugar.  I have been taking ACV to surpress my appetite and this works!	"[{'small_image_url': 'https://m.media-amazon.com/images/I/61PwimMDHbL._SL256_.jpg'	 'medium_image_url': 'https://m.media-amazon.com/images/I/61PwimMDHbL._SL800_.jpg'	 'large_image_url': 'https://m.media-amazon.com/images/I/61PwimMDHbL._SL1600_.jpg'	 'attachment_type': 'IMAGE'}	 {'small_image_url': 'https://m.media-amazon.com/images/I/71QjDBsqkOL._SL256_.jpg'	 'medium_image_url': 'https://m.media-amazon.com/images/I/71QjDBsqkOL._SL800_.jpg'	 'large_image_url': 'https://m.media-amazon.com/images/I/71QjDBsqkOL._SL1600_.jpg'	 'attachment_type': 'IMAGE'}]"	B0BNLLFZXC	B0BNLLFZXC	AGLNOSRFRMEFOJA5DIGMB2PTCOUQ	1678057674937	0	False
1.0	One Star	This thing doesn’t fit on any faucet I own. Wast of money.	[]	B000UX2JSI	B000UX2JSI	AHAV75LMNMAZSBT5VY5GOTRMVJYA	1515788709458	0	True
5.0	Great value	"No complaints	 highly recommended."	[]	B073BGJ9Z1	B073BGJ9Z1	AHE7HD5PX2KFCPXJFG6EFAC2QMAQ	1672863606312	0	True
4.0	Works great	"I love this.  I have thick	 fine hair and it is a struggle to maintain or even get a curl.  This worked like a dream.  I only gave it 4 stars because the battery died faster than I would have liked	 but if it turns out that it wasn't fully charged when I started	 I will fix my review.  For those with no hair styling genes and just cannot figure it out - this product is for you!! ***update - it takes 3/4 of the battery for the 15 minutes it takes to do my hair off of a full battery***"	[]	B0BW4C21VY	B0BW4C21VY	AEHKNOKBNSBYI47REHCPTWW6AUTQ	1680015087833	0	True
5.0	Five Stars	good	[]	B001LF39RO	B0047VWYSO	AEXQPF52WGFNS5KFJZOVOXMN2GXA	1518272763034	0	True
5.0	Great little curtain rods	I wish they had more.	[]	B01LZ7K6B7	B01LZ7K6B7	AHJPVUFXCRO2WVVCHCEVBV62W4ZQ	1561555210523	0	True
5.0	Don't overstretch!	It's easy to do and the natural instinct is to twist just one or two more times but DON'T. When you get to that point then stop.<br /><br />It made a baseball hat that has been too small fit perfectly! Steam is very helpful in the process as well.	[]	B000SZWJLU	B000SZWJLU	AFVUYTHM76Y33LAF5FB26H5IMTTA	1563210421514	0	True
5.0	Five Stars	Love this wig!! Many compliments! Looks natural and easy to care for. Liked it so much I bought two!	[]	B002QDX3LM	B07CKQ6MS5	AHP2FTFT6NUHJCH2Q2ECKNVIPW2A	1456843658000	0	True
5.0	Perfect for travel	"It allows me to drink water when we go out to dinner.  The packets fit nicely into my pocket. In addition	 they work great for traveling."	[]	B008EWQZ9Q	B008EWQZ9Q	AFRVZJX36UAIAWIQ2Z6C52RDK25A	1578794159023	0	True
5.0	This stuff WORKS!	This stuff WORKS!  I ordered it a little over a week ago knowing full well that having a dog and cat I'd have an opportunity to use it quickly.  I wasn't wrong.  Woke up this morning to discover that the dog had diarrhea in the kitchen and office.  The kitchen was easily cleaned up on hardwood floor but the office carpet...a more difficult proposition.  I followed the directions and the spray worked like a charm.  I was surprised by how easily it cleaned up that mess!  Over the years I've tried lots of different pet odor eliminators and mess cleaners and this one ranks among the best.	[]	B00KM9X9LQ	B07DPPLTZ9	AH7TGSFGR56MF62DLJZUVBR3PGOQ	1415810109000	0	False
1.0	Rip off	Completely ineffective. Please don’t bother .	[]	B095SXM5PW	B095SXM5PW	AE33DAAXJQ7V2UPID4MDRPWYDSFQ	1628445952113	1	True
4.0	It works	"It works but it gets everywhere	 have a warm wet cloth ready to clean up the mess. Rinse your mouth with warm water to remove it off of your gums."	[]	B07BZVJDNB	B07BZVJDNB	AEN7QHWKMOXIQF5FHGVLIHKEMTVA	1540789199054	0	True
2.0	Two Stars	It's for my wife.	[]	B007V80D3S	B007V80D3S	AEXYRLWQZ7P3SFANEIIIEWZAWNZA	1404587884000	0	False
5.0	I totally recommend this oil for anyone who suffers from any type ...	This oil was introduce to us by my mother. A nurse at her job using it for various reasons. But my children suffer from eczema and dry skin.<br />I totally recommend this oil for anyone who suffers from any type of skin care issues. We noticed a difference within 3 days of use!<br />We love it	[]	B0001O6EAA	B075D1KDFN	AGF32X5KINXBOHGQGNWRNVBLXCDA	1488056592000	1	True
3.0	dog is able to chew off chunks	The dog like it and enjoys chewing on it. He is 25 pounds and apparently a super chewer. He is getting a lot of chunks out of it. This is not going to hold up.	[]	B093DSSXKW	B093DSSXKW	AENUVSAQKXVOKA7XDCHL7X2TT5XA	1636676926795	1	True
5.0	Súper para la espalda	Me fascinó	[]	B0BKZX6DM6	B0BKZX6DM6	AEYQWRGXOSTC6OA2EUSLTXPAVVJA	1672754382343	0	True
5.0	High Quality.	"This bee pollen by Y. S. Eco Bee Farms is of very good quality.  It appears very clean	 no foreign debris or particles.  It consists of multicolored granules about 1 to 2 millimeters in diameter.  It smells very fresh and has a fruity odor	 no mold or sulfur smell.  After testing for possible allergic reactions	 I worked my way up to about a one tablespoon serving at a time.  I like it mixed in my salads with olive oil and fruit juice as a dressing.  It lends a very nice flavor to the dressing.  After a few minutes it dissolves mostly.  Otherwise it is hard and crunchy straight out of the bottle.  I have bought several bottles online and out of stores and its quality seems to be consistent.  All of their bee products are good	 and not expensive for the quality."	[]	B006I7J4SS	B0B5HQDWZ9	AHO76GG4QWTCDHH5XVZCUPMVFBPA	1638535662153	19	True
4.0	"I found it worked for me	 but not throughout ..."	"I found it worked for me	 but not throughout the entire night--had to take again several hours later when leg and foot cramps returned."	[]	B00CZDMLZM	B07G4FNLB5	AEI6J26JZEUQXUFA7IGG7JC2B4NA	1410787150000	0	True
5.0	Great product	Gives beautiful new life to old dry wood finish	[]	B07GF5X7B2	B07GF5X7B2	AGIJ5MEV563JLTXIHYDNKBB26PCQ	1614385225944	0	True
5.0	Would recommend	Love this defusser!! Does my hair perfect!!	[]	B07F8ZQ918	B07F8ZQ918	AH6RCQEDGIZPQGNFJMVOZWJUJIRQ	1556645304921	0	True
4.0	great value and noticing some improvements	My son doesn't mind taking these unlike some supplements.I have noticed his bowel movements are becoming more regular and he has less constipation since taking these. I felt it  probiotics was necessary since my son has had been on antibiotics a couple times already this year. I also find it important for my son to take these because he is on the autism spectrum and it is very common for those on the autism spectrum to have imbalances in the gut as well as leaky gut. So far I think these probiotcs are a great value for the price and quantity you get. I will follow up on my review once my son has finished the bottle.	[]	B001QUB2HS	B001QUB2HS	AGNPGD256GDBMHMDKFA7N2OFN6XA	1429663636000	1	True
1.0	Don't freeze them	"Don't buy them. Go for plastic beads. These are nothing but a pain. You need to soak them 24 hours before use. Since they come so small and expand so much you can't tell how many to soak. So I soaked all of them. The description says you can freeze them. So I froze what didn't fit in my bong. Yeah well once they thawed they turned to MUSH. Great for a pool toy for kids	 not for smoking."	[]	B01N379LBN	B07DR44RMK	AHKKWHPYUKC53VBROK7GGGSJY3LQ	1556412143470	29	True
5.0	Peace of Mind for You and your Loved Ones!	"Excellent product. It is important to have the pills separated for breakfast	 lunch	 dinner and bedtime. My mom was either forgetting to take her medications or she was taking her medications twice! In addition to the organization it reminds the user of the day of the month! Simple and Excellent. Super fast shipping. Thank you."	[]	B06XJNC9WK	B06XJNC9WK	AF6RGLVNGB27JGE3DFA444TLHFYA	1503949221115	1	True
1.0	Big ripoff	TP appears to have been in storage and wet.  Mildew.  Maybe taken off rolls in public bathrooms.	[]	B086BNRH42	B086BNRH42	AGTPOX6SAGIBK5XJJ64F4TPQNR2A	1585832184694	1	False
5.0	Eating like a reptile and LOVING IT	"Soylent can be life changing if you give it a chance. I heard about it in a podcast on my lunch break. A simple	 fast meal that is stupidly easy to prepare that has all the good stuff my dumb body needs to thrive. That's the gist of Soylent. It didn't sound like the worst idea	 I thought to myself	 looking down at my half-eaten lunch. My lunch that day was literally a frozen microwave burrito I let thaw in my car for half my shift instead of actually heating it. My lunch was that a lot of days. So I gave it a shot. Not chalky. Two scoops me feel full. Soon enough I had a recurring shipment	 a jar in my car	 one stashed in the break room	 a few at home. It's designed to be bland so you can do whatever additional flavors you feel like. I	 being a man of efficiency	 found that it mixes pretty well with coffee. Full meal and a cup of Joe in one fell swoop. As a frequent overeater	 this is a fantastic remedy for any snack or meal you don't have planned. It makes you feel full! Plus	 if you're bad at math like me	 you can do a quick two-scoop and coffee breakfast of Soylent	 a work lunch of Soylent	 come home forget you only consumed 800 calories and go nuts for dinner! This stuff wins all around."	[]	B071F4Z16T	B0BLGM5PDZ	AHTJOJDIABWXWW3RDQUYHDBTCXQA	1658985326944	1	True
3.0	Three Stars	They are OKAY. The do help prevent foot prints but you still see &#34;map prints&#34;	[]	B074V2JKL5	B074V2JKL5	AFATVXZNL4F6LQCAG5UWVK2MW3YQ	1525401828700	1	True
1.0	Not as advertised	Too small. Even with much lubricant. Will not hold a suction. The listing implies you get three. Watch the size when ordering.	[]	B07B92CLWV	B07B92CLWV	AGFFYQFEK6ZRSGP64SY6G2XFKSXQ	1532027824129	0	True
5.0	Good price	"Good batteries at a fair price	 cheaper than Loews."	[]	B00119Q972	B0CD14W2QT	AGX3OF4HB5JPFZVDJDCFJRKMQNBA	1554983157761	0	True
2.0	Didn't work for me	"I have taken these off and on for a while now and just haven't been able to tell much of a difference with them. Most B vitamins will have a noticeable effect on me but these just didn't seem to work well. Maybe it was just my metabolism	 but as for me	 I really wouldn't order again. I've used other brands that work much better for me personally."	[]	B081BBQH4Y	B081BBQH4Y	AHBB45ETUF6ZVRZ4VATALK6BMVTQ	1598406399606	0	True
5.0	Delicious!	Delicious rich chocolate cocoa. So glad it’s Keto friendly!	[]	B077XNHZ83	B077XNHZ83	AGLI4N3DDZUKUQFJ43IOJIKZG4HA	1542213302662	0	True
5.0	"N-acetyl-cysteine	 or NAC	 has powerful antioxidant properties. Boosts glutathione levels"	"NAC is known to boost glutathione	 one of the most powerful antioxidant produced naturally by the body. NAC is one of the best and cheaper way to boost glutathione as taking glutathione does not work when taken orally since it is too big to absorb through intestine wall. Other than trying to boost your antioxidants level in various parts of the body individually	 boosting glutathione is simply easier and better as it can easily cross to various parts of the body and recharges other antioxidants as compared to antioxidants that can only work in specific area. Glutathione also support and boost your immune system	 protects our cells from damage from environmental toxic and eliminate carcinogens. Our glutathione declines naturally as we age so the importance of taking NAC gets more important as well. This product comes with the most bioavailable selenium and molybdenum as well. I have been using various supplements to good effect	 but Now NAC topped it off for me. I used to have low energy in the morning and hit lows in the late afternoons	 but after taking this supplement	 my mood has been centered	 I feel better	 and I look a little healthier. All in all	 I think this is a good herbal supplement to aid you with healthy liver function. If you are in the market for this type of product	 then do not hesitate to buy from this seller. I have given you my honest experience with this product	 for which I received a discount from the seller. I hope my review has been helpful to you	 if so press YES. Happy shopping to you."	[]	B01BEE2LAW	B01BEE2LAW	AFRP6RYZCMQWMXSKTNGXBFXP5AXQ	1457905779000	0	False
1.0	Not what you’d expect	I disliked everything it doesn’t charge properly and doesn’t spin fast at all	[]	B074WK2JDW	B074WK2JDW	AHQEERZMC22N4WKY54RKYE3ZCBMQ	1557262586908	0	True
5.0	😍	😍I love the jelly feel	[]	B07Y5DGM16	B07Y5DGM16	AG2PFSG3KT3GJL4CAEJUSZACI6GQ	1592692116788	0	True
5.0	Love these	I was so tired of trying to dig my mask out of my purse every time I went in and out of stores. I dont have to do it anymore. I love these!	[]	B08FC864BF	B08FC864BF	AFJJPI5KUPM2PRH6TPKBMMTJ7V6A	1612760188122	0	True
5.0	Adds color to your superhero themed party.	"I liked these	 they were easy to assemble and worked well with the cupcakes and the display stand I had."	[]	B01FY3MFHS	B01FUXL118	AE7NVE4WAQFDLPOQCWP34J6W3CQA	1621380575241	0	True
3.0	"Broken	 quality is poor"	Cutter came broken but the organizer is great. Poor quality	[]	B018NFBSCM	B018NFBSCM	AE3GQNTXQVJBJTRZAV7D5XMSZ5MA	1458166158000	2	True
4.0	"Seems to work fine	 but is a little noisy."	"I like that it purifys the air	 removing dust and debris	 but it is a little noisy to try to sleep through	  even on sleep mode."	[]	B0987H3N4V	B0987H3N4V	AGQNHPHA5X3TPC4QZMNJZCUZIVTA	1678139252132	0	True
5.0	Five Stars	I love Wen above all others. This scent is in the top three.	[]	B00IXX8YMM	B00IXX8YMM	AH27NDH4WNZD6IMRB4BLBGAYL2RA	1431764713000	0	True
5.0	Regain muscle mass	I noticed a muscle gain in one week of use. I've decided at the age of 55 to keep it in my regiment for good	[]	B0859MMFP6	B0859MMFP6	AHOE7VWRLPWOWAV3CFO53JWJA3BA	1620765778637	21	True
5.0	Worth it!	So very cute!	"[{'small_image_url': 'https://images-na.ssl-images-amazon.com/images/I/91DR6oRy9fL._SL256_.jpg'	 'medium_image_url': 'https://images-na.ssl-images-amazon.com/images/I/91DR6oRy9fL._SL800_.jpg'	 'large_image_url': 'https://images-na.ssl-images-amazon.com/images/I/91DR6oRy9fL._SL1600_.jpg'	 'attachment_type': 'IMAGE'}]"	B08DV1NXS9	B08DV1NXS9	AFVJJVTZ3YG4SSOOOIMZAC2Q53FQ	1607280968099	0	True
5.0	Convenient and Easy	Easy and understandable product.  Great price and will be ordering more stripes when I run out.	[]	B08RZC3Q8M	B08RZC3Q8M	AHMFQ6ZFOO7VZX46LVNJU6OCTU3A	1626038889489	1	True
5.0	Will buy again	Exactly as it should be. No leaking issues.	[]	B07RP319XP	B0B4328BFW	AFA7ZWWT5VHPC7P55FKDGXTWUSUQ	1589136558173	0	True
5.0	Five Stars	As expected	[]	B01H7JCTKU	B01H7JCTKU	AGZNOWQW3ADE3ZD3NGTE7ARHW2YA	1491143249000	0	True
5.0	It works	It works great	[]	B01CN6LJTY	B01CN6LJTY	AH6R5KUJP3M7G65LJ3YKSBCV7JCQ	1636735565666	0	True
1.0	Broke	Broke 1 day after the return window closed. I've had these before and they have never broken in the past.	"[{'small_image_url': 'https://images-na.ssl-images-amazon.com/images/I/81iBQt7DAXL._SL256_.jpg'	 'medium_image_url': 'https://images-na.ssl-images-amazon.com/images/I/81iBQt7DAXL._SL800_.jpg'	 'large_image_url': 'https://images-na.ssl-images-amazon.com/images/I/81iBQt7DAXL.jpg'	 'attachment_type': 'IMAGE'}]"	B005DHGKPY	B005DHGKPY	AHWYTCOPXQAD62LCYK7LVDFJU26A	1498498105417	0	True
1.0	It discolored my yoga mat	I tried to clean my yoga mat but it started to get discolor everything	"[{'small_image_url': 'https://images-na.ssl-images-amazon.com/images/I/61-HAz1bQ7L._SL256_.jpg'	 'medium_image_url': 'https://images-na.ssl-images-amazon.com/images/I/61-HAz1bQ7L._SL800_.jpg'	 'large_image_url': 'https://images-na.ssl-images-amazon.com/images/I/61-HAz1bQ7L._SL1600_.jpg'	 'attachment_type': 'IMAGE'}	 {'small_image_url': 'https://images-na.ssl-images-amazon.com/images/I/81zhYTcnIeL._SL256_.jpg'	 'medium_image_url': 'https://images-na.ssl-images-amazon.com/images/I/81zhYTcnIeL._SL800_.jpg'	 'large_image_url': 'https://images-na.ssl-images-amazon.com/images/I/81zhYTcnIeL.jpg'	 'attachment_type': 'IMAGE'}]"	B00XQBHJOU	B0C1HHXQ94	AEIHF2432VN3TAIUAOZAFJWDHLHQ	1590155022634	0	False
5.0	Healing	"This product did more for my daughter's leaky gut in a month than the GAPS diet did in a year!  She was still struggling with massive brain fog	 panic attacks	 etc and using this with a protocol that worked up to 40 mg per day	 she was like a different person within 2 weeks and continues to see increasing benefits.  We also learned that it may be beneficial in fighting H Pylori.  My other daughter began using it because she does seriously intense training for ballet.  Definitely noticed a difference in her muscle recovery time."	[]	B07FXHCHK4	B07FXHCHK4	AHDHWWAAHJN77CD25536D325FPBA	1553272109801	10	True
5.0	Five Stars	good quality!	[]	B01ESMUJJC	B01ESMUJJC	AE6CUYRMR6A7CGU2LPKQDVIDEODA	1518987330684	0	True
5.0	Try Them--You'll like them	"We were referred to this product from our friends who had a child that kept getting carsick. Our 5 year old granddaughter had the same issue. We put them on her	 and then a while later asked her how they were working. Her reply: ""These are EPIC"" We didn't even know she knew that word! She feels better when she is riding with them on. No more car sickeness!"	[]	B088MC7JRC	B088MC7JRC	AFTTMQLVFWNWHHC23GI5U2SLPVVA	1670527339513	0	True
1.0	Smaller than advertised	These bags are much smaller than advertised. The ones I received are only 8.5” wide and 6.5” tall. These are not the dimensions advertised and you cannot fit a bottle of wine sideways in it. Very disappointed.	[]	B07HGDN9M6	B07HGDN9M6	AGOAPNYA6WWGTZ7JBVZCILQARJUA	1542486873864	1	False
3.0	Watch out  😁	"These are the total best laxatives on the market ! Switch to aboost variety	 same protein without the effect !!!"	[]	B01B21KK8C	B01B21KK8C	AED3QY7PRQCYCFINBIROVX7ABODQ	1593043308441	1	False
5.0	"Powerful	 quiet	 easy to use"	"Super easy to use right out of the box! The razor came pre charged and ready to go. A quick sanitization and I was ready to shave my legs. After a few winter months and health issues that prevented me from being able to bend and reach to shave. I was in great need of a hedge trimmer... Uhh I mean razor	 that could do the job.<br />As you can see from the pictures the right side is unshaved and the left side is after just one pass with the electric razor.<br />I love the ergonomic shape of this razor	 it made it very easy to use and hold. Often times they make woman's products small and 'cute' but more times then not it just makes them harder to use. This razor is sleek but also easy to hold and reach even the strangest of spots. I like that it comes with a longer hair guard on it for more versatility.<br />As mentioned above there isn't much in the instructions on how to take it apart for cleaning	 but it does come with a cleaning tool	 charging stand and charge cord (no charge block provided.)<br />All in all I highly recommend this product for someone looking for a close fast shave without the super high price point that other shavers on the market have."	"[{'small_image_url': 'https://images-na.ssl-images-amazon.com/images/I/91RNPlbTWfL._SL256_.jpg'	 'medium_image_url': 'https://images-na.ssl-images-amazon.com/images/I/91RNPlbTWfL._SL800_.jpg'	 'large_image_url': 'https://images-na.ssl-images-amazon.com/images/I/91RNPlbTWfL._SL1600_.jpg'	 'attachment_type': 'IMAGE'}]"	B08HMV6JZQ	B08HMV6JZQ	AGHWHCSFSQ67AYGSYACYULID5SBQ	1619493963719	3	True
5.0	Brainn booster is very impressive	"After having using the Brain Booster for some time now	 I can feel a huge difference in my day to day life. My mind feels clear	 focused	 and I'm making much better use of my time.  At the end of the day when I'm normally tired I am still going strong and pushing through. I have not stopped drinking my coffee but the combination seems to work great!"	[]	B01LYHZVSA	B01LYHZVSA	AEMJZGAVUAQCR6YVSLD6TQBPOT3A	1527626493134	0	True
5.0	"comfortable	 supportive	 nice features & great price"	Memory foam is really the way to go in a neck pillow. It’s firm but still soft and comfortable. The Go Green Power neck pillow is particularly nice as it’s also ergonomically shaped. It’s  It’s certainly worlds away from the inflatable ones and it’s also nicer than other options. This pillow has two extra features that I really appreciate. The cover is removable. I wouldn’t want one that you couldn’t wash. It also has has a handy snap to keep it in place around your neck or on your bag during transit. At $15.50 it’s a great value.	[]	B01LI0GHOI	B01M28UMRW	AGWYBTJM4LHS74LEIA27N2BYQ5YA	1503508243691	2	False
4.0	Four Stars	They fit well and have made a huge difference.	[]	B00UCEQCZ6	B00UCEQCZ6	AGWCYGDABFQR6SKMDC5LXIZECRVA	1443810672000	1	True
5.0	It’s compactable	"First compactable electric tooth and flosser it’s good for deep cleaning	 a Flosser And very easy to use. I really like this one."	[]	B09KGZFMQH	B09KGZFMQH	AGUQCE3SWFZ7HO6PRP4IEP5M6EHQ	1644434049635	0	True
4.0	Big & Adequate	TBH my original one is better	[]	B07D957SZY	B07XHNN9MP	AGL7R5MYF3F23QTXEMOTQ5CYGFXQ	1637996837979	0	True
4.0	Good support	I really like the support it gives but I still can’t get use to having it on. I thought within time I would not even notice it but it’s been 2 weeks and it still a little uncomfortable. I do like the adjustable strap since I can’t have anything way to tight that would cause circulation problems. I will keep trying to adjust to it since it’s only been 2 weeks. Overall good quality	[]	B08QHN6J9F	B08QHN6J9F	AGQVYRFKX6G5VO65RHQ7UZKGSTKQ	1624884321263	0	False
5.0	easy and mixes	i use this every day...superfood! easy and mixes easily	[]	B01DFN4T7I	B01DFN4T7I	AGFITZ43IF26EEWMRYT53AVA7QFQ	1483492186000	0	True
1.0	Broke after a few uses	"dont waste your time	 doesnt work more then a handful of times very disappointing"	[]	B09BF6MSBR	B09BF6MSBR	AGC7YOB6VAMGINBJIOGRRIW6VFVA	1632286647649	1	True
5.0	Allegra	Needed and you have them	[]	B01AVK2A38	B01AVK2A38	AETNGXQU7PMSHJ2JILUOFZUEYZSQ	1654461153050	0	True
5.0	Five Stars	"Like price for the quanity you get	 Wish they included black."	[]	B015347NQ6	B015347NQ6	AHROS3H6JU4FOCX6OK6L5WSP3YKA	1527879359670	0	True
1.0	However product is totally useless. Sat overnight in double sink and actually made ...	"I'm giving this a 1 star for fast delivery. However product is totally useless. Sat overnight in double sink and actually made sinks worse. Can't believe these 4/5 star reviews. DO NOT BUY this product. Snake oil. I'm ashamed that I fell for this. Sorry Amazon 	 you need to do a better job of checking the products that you sell."	[]	B019D5M3AM	B019D5M3AM	AE2L2DMI45VQ2JFBZLEKCVNUMDZA	1492913820000	2	False
5.0	Great stuff	Great stuff	[]	B09L6TP3B6	B09L6V51WS	AFO2TUGOKBRLV5BMXR25UZ7LE6NA	1665876981604	0	True
5.0	Five Stars	So fast and great deal	[]	B001LF39RO	B0047VWYSO	AGADC7OYOBFB6V6LRWTXLDDMBFXQ	1454687946000	0	True
5.0	Gh	Hihh	[]	B07RRRKXPS	B07RRRKXPS	AEDKNCOKW4PCVE3CPIV6VDLLX5MQ	1621182459781	0	False
2.0	Bulbs haven't lasted a year	"Install was easy	 even had connection points on the ac controller board. However	 only been 10 months and the bulbs are dead already. Hopefully it's just the bulbs as I only just ordered replacements.<br />Will update when new bulbs installed."	[]	B08JH9LRFQ	B08JH9LRFQ	AEKLERQLZBRYKIT62V5POUN62ENQ	1662833180968	2	True
1.0	I don’t like it	Don’t waste your money	[]	B0714CS9K6	B0714CS9K6	AF6B66FNYBMYHVUOOSVI7653FUWA	1558023074312	0	True
5.0	This bucket works great for enemas	This bucket works great for enemas. It is easy to clean and disinfect. It is easy to use. I am happy I purchased this.	[]	B01F6Z7SYO	B01F6Z7SYO	AHYUKWTSP4IU3NBOLTBNSV6GDGTA	1470915584000	0	False
2.0	Runs like a marathon	Did not see any value in the supplement. My wife’s bowels became inflamed and so we stopped taking them all together.	[]	B088D42RPC	B088D42RPC	AFOHGDJBQ7ROYKMTUTQKHHQJGAMQ	1610560885398	1	True
3.0	A bit too thin - especially for the price.	"Padding is moderate.  I bought is to specifically fit my son's wheelchair (sideways)	 but he's not impressed with the cushioning it provides."	[]	B01CKMP24E	B01CKMP406	AFJ3OE43CRVI4XYLHFDI56PP6VVQ	1532104803899	0	True
3.0	Okay	Kills the bad odor but the scent is okay.	[]	B015LG9B02	B015LG9B02	AF5GDX4CERDHHZAMMTELZTOMDHFA	1483870717000	0	True
5.0	Essential Companion!  Excellent kit!	"UPDATE 4/4/17:  This Key Chain has been hanging on the outside of my purse/bag every day since I purchased it back in August 2015! (It currently holds 7-2ml and 2-1ml bottles.  See pics of well-loved pouch.)  I still absolutely love it. It has held up well	 no busted seams or over-stretched elastic.<br /><br />I see where some reviewers are not happy.  I wonder if this is due to a product change or purchased from a different seller than I did. Mine came from Everything Essential [[ASIN:B013GKMF7G Stylish Essential Oil Key Chain with 8 5/8 Dram (2 ml) Vials and Blank Labels - Fits Easily in a Purse or Makeup Bag - Carry Your Favorite Essential Oils Everywhere You Go! (Black/White Windsor)]]<br /><br />Of note	 my order contained only the case and eight 2ml brown bottles.  No pipettes	 labels	 or removal tool...  AND YET!  I would buy it again for the current $12.95 price.  I am in no way related to the seller - I just love this product.<br /><br />ORIGINAL:  Dang	 I love this thing!<br />It comes with eight amber 2ml (5/8ths) dram glass bottles with black lids.  Each with a small white lid label that can be applied.<br /><br />Outside:<br />The outside is made of cloth and has a soft canvas feel.  I received the blue/white windsor colored case.  It is a very dark blue	 nearly black.<br />A smooth-gliding black zipper wraps around three sides.  It is attached to an approx 2&#34; silver carabiner hook.  The set up feels very sturdy.<br /><br />Inside:<br />The inside has a dark blue background with white polka dots.  Very cute!  This is where there is eight black elastic loops for securing oil vials.  Each 3/4&#34; width elastic loop easily holds from 1ml (1/4 dram	 7/8&#34;) bottles *up to* 5ml (1.5&#34;)	 too!<br />(Dram = 3.7ml	 but a dram bottle is often called a 5ml.)<br />Further	 the vials are protected from the zipper with a piece of soft piping that runs the full zipper length!  This is a really nice extra feature!<br /><br />I currently have this stocked with my favorite go-to oils and have it clipped to my bag.  It is lightweight and much easier to haul around than a baggie or small satchel.  I love that my bottles are secured	 but still easy to access.<br /><br />***Note:  One trick I have found is to slide the bottles into the case elastic lid first.  This prevents the elastic from hanging on the bottle lid.***<br /><br />It is made in China."	"[{'small_image_url': 'https://images-na.ssl-images-amazon.com/images/I/71CkB3JYumL._SL256_.jpg'	 'medium_image_url': 'https://images-na.ssl-images-amazon.com/images/I/71CkB3JYumL._SL800_.jpg'	 'large_image_url': 'https://images-na.ssl-images-amazon.com/images/I/71CkB3JYumL.jpg'	 'attachment_type': 'IMAGE'}	 {'small_image_url': 'https://images-na.ssl-images-amazon.com/images/I/71e5JmE0o4L._SL256_.jpg'	 'medium_image_url': 'https://images-na.ssl-images-amazon.com/images/I/71e5JmE0o4L._SL800_.jpg'	 'large_image_url': 'https://images-na.ssl-images-amazon.com/images/I/71e5JmE0o4L.jpg'	 'attachment_type': 'IMAGE'}	 {'small_image_url': 'https://images-na.ssl-images-amazon.com/images/I/81Rr3mrTvJL._SL256_.jpg'	 'medium_image_url': 'https://images-na.ssl-images-amazon.com/images/I/81Rr3mrTvJL._SL800_.jpg'	 'large_image_url': 'https://images-na.ssl-images-amazon.com/images/I/81Rr3mrTvJL.jpg'	 'attachment_type': 'IMAGE'}]"	B013GKMF9O	B013GKMF9O	AETDDNDSAE7IXQ4DS6KUAINERRLQ	1442844633000	4	False
3.0	suzies review	"this item is good quality	 It is larger than I had expected. I however can use it for other items I use at work	"	[]	B001TIC7M6	B001TIC7M6	AFJRH3CSOJCNNECBGZGK4MECBW5Q	1323429013000	0	True
5.0	Very helpful	My niece has that foot problem I thought maybe this would help her as she didn’t have anything to help with her feet! She is very happy with this product she said it’s easy to use and very cool! She is starting softball and is excited to have this product to help with her foot problems she says it’s very funny and easy to use! She loves it	[]	B0827TV3QY	B0827TV3QY	AEWCRMCLEYC2T7DIH2HOKHW34MCA	1582544358914	0	True
1.0	It's like drinking bread but in liquid form	It's like drinking bread but in liquid form.  Not even a nice homemade sourdough either.  Like Wonder Bread that's been sitting in the cupboard long enough that you have to find the ones that aren't moldy.	[]	B071F4Z16T	B0BLGM5PDZ	AHHPR5S53CBV7FZHAKJQRDF4VVGQ	1518686427458	0	False
5.0	Five Stars	Good supplement.	[]	B01MRX4262	B01MRX4262	AHEDZX2FTQY72B4PNNBKKNTS5NQQ	1497286162803	1	True
1.0	Junk	Junk. Worked once. Now nothing.<br />Don’t buy.	[]	B07L83C5XC	B07L83C5XC	AFAQIMWPQE2NLRXMVVJSGK6DUCQA	1594856406808	0	False
4.0	What doctor ordered	Doctor recommended.  It tore up my stomach - most things do	[]	B01MST2CMM	B01MST2CMM	AHTDFI3LRSZEOT4CYKJPO7OJ4FTA	1664502462731	0	True
4.0	Four Stars	It's smells great. Cleans well. Love the cloth it came with.	[]	B00XQBHJOU	B0C1HHXQ94	AGT4WQG4TM6EJG6QU6T3IF5HGCQQ	1485260317000	0	True
5.0	Perfect!	"So happy with this heating pad	 because the size is just perfect. I lay it on top my bed 5 min before I get into it and the size is just the right size and it heats up part of the bed."	[]	B09J8GTMRJ	B09J8GTMRJ	AFMM76RZNMAVBNORI3QL4CM3NWXA	1641290463770	0	True
5.0	Works great! Fast shipping.	Works great! Fast shipping.	[]	B08R9WXT6R	B093KXJPGX	AEC22J3B6QXMYV5FRJ2A4K5DTTQQ	1685592465639	0	True
5.0	Actually Works!	"In short	 it works!"	[]	B01D2H5I5O	B01D2H5I5O	AEG5LZPB4IBOACNAQQ2AF6F3M7CQ	1524622370705	0	True
5.0	Good service from the seller	Love the size and prizes	[]	B07L3HWZSX	B07L3HWZSX	AH4U6RMR57TFXWUJLV6NJAZEWRRQ	1607697929923	1	True
5.0	Great buy	My husband love the product	[]	B0002JG4GS	B0002JG4GS	AHPW6OSIQWJKLCVJCKKZCW47YMSA	1614873662945	0	True
1.0	Hard	No good	[]	B01MYZ7BZ0	B01MYZ7BZ0	AHKGGELGZEXUFOVEULIZPJRX4XLQ	1610972358187	0	True
4.0	Rezblock	"Great stuff	 but too expensive.."	[]	B00C6L66CC	B00C6L66CC	AHGYBCUSSTLD5N4B6B4F3RTITVIA	1453493905000	0	True
5.0	Fingerless hand warmers	Got these for my son as part of his Halloween costume. Exactly what we were looking for. Very happy with this purchase.	[]	B0055XFRY6	B0055XFRY6	AEVD2R5HYJD3LRE6SOMVAKD6LSHQ	1382803977000	0	True
5.0	Five Stars	Great product	[]	B0012E0RSI	B0012E0RSI	AEOOILKKYMNFLITZBFZLK6PRAOLQ	1454944868000	0	True
5.0	Love this pasta	Love this pasta!! Used for a pasta salad at a bachelorette party. Big hit...my boys got a kick out of it too!!	[]	B0078SIUEA	B0078SIUEA	AG3B5RAXPQFLDCX2KTLTPRMUAXAA	1501001010734	0	True
1.0	Very long	Very long hard to hold	[]	B07H2T4Z6W	B07H2T4Z6W	AHNTSCNPSMU2UWJTLGSNH6PVRXOQ	1612197691398	0	True
5.0	Five Stars	Wonderful for hair growth	[]	B00JVSECW4	B00JVSECW4	AFN6NUBVLSDSR67S462LJ6LTSI4A	1515017515286	0	True
5.0	Excellent flavor and aroma; nicely packaged	"No complaints about this turmeric powder. The aroma when opening the bag was very rich. The taste was also excellent	 and not at all muted as some turmeric's I've used. I use this mainly with rice (or rice substitutes such as wheat berries	 couscous	 and the like) and both the taste and the strong yellow color make for a tasty dish.<br /><br />I like that	 while it is priced similar to a bulk item	 it comes in three fairly small (4 oz) bags. That allows for cost savings by buying in bulk	 but the smaller packages help maintain the freshness until it's ready to be used.<br /><br />Fresh	 tasty and a good value. Hit's all the right marks."	[]	B085LHTW4G	B085LHTW4G	AG63W2BMC4HRP76AMS36AYY64AHA	1605208284143	0	False
1.0	Don't Buy This	Delivered cracked in 2 places with no installation instructions. Sent it right back.	[]	B00WT3EUX4	B00WT3EUX4	AEHFVOC2MFL3FIQJVKITBDCNF34A	1469928554000	0	True
5.0	Works Wonders	"Great product	 couldn't believe how well they worked!  Would definitely recommend	 after suffering with a jammed big toe for a long time	 I finally have some relief!"	[]	B005EM14MW	B005EM14MW	AGPF5ZWIK62HCGOUAL3NAQ3X25BQ	1458230353000	2	True
5.0	"So Far	 So Good"	"I used this to condition a new-to-me leather couch. It was structurally sound but the leather was pretty dry and cracked in a few spots. This was easy to apply; I used my hands because it soaked into a towel too much when I tried it that way. No real smell that I noticed. Definitely wipe your leather with a damp towel before applying (as instructed) - it allows the conditioner to go on much easier. It definitely darkened the leather	 but it was worth it to me because it made the couch look so much better overall. It even smoothed out a lot of the small scratches. When I finished	 my hands were softer too	 nice bonus."	[]	B07TT8H3QY	B07TT8H3QY	AHPLDNT4RDMRJFEY6L5RI2SQNSFA	1605281477843	1	True
1.0	Garbage	"Piece of garbage. At 1st glance	 out of the box	 looked good	 nice weight	 didn't seem cheap.  Plugged it in the first time	 powered it on and totally dead.  Going to request my refund right after this post."	[]	B01AW2UNTI	B01AW2UNTI	AGMSMGLZYM4P2CRTJVGVXQ6TDLMA	1460179918000	2	True
5.0	Best Nail File Ever	Best nail files around.  I have been looking for a product like this for a long time.	[]	B088NJY73M	B088NJY73M	AG3VLF7PIKTNUV4EXZHX6T6HVHFA	1608952061220	0	True
2.0	Tastes horrible	"Flavor is definitely bad	 no mint taste at all.  The dropper was useless and the liquid just pours out."	[]	B08BR6B2Z2	B08BR6B2Z2	AG6DBLYD3MKVGSSSCQ3RSGLTAPQQ	1641086792059	0	True
5.0	Easy to use.	Recommend it to a friend.	[]	B000G2BESO	B08X9LB1WC	AFSLUVXE4C4QAPG36TVG5IYCTGLQ	1542256610478	0	True
1.0	Don't buy too small....	They don't fit any of my eyelash curlers and too late to return.	[]	B00YDRQRK8	B00YDRQRK8	AEFSV3XS76UWZEWXRTDOQ3VKLUMQ	1508098084773	0	True
1.0	Inexpensive SMALL bag	"VERY small	 lightweight fabric.  Will NOT hold much and is not sturdy at all...<br />If you are looking for a small portable first aid kit...this would work.  Do not plan on carrying much in this and certainly nothing that will weigh very much. It is NOT returnable.  Good thing it's cheap"	[]	B00HADE59M	B07VX81L84	AEP5AWGRVMFCF3CDXOMA3P7NMO2Q	1650582132936	0	True
5.0	Love this	I really love this detergent.  It smells clean and you don't have to use very much.  The box I received didn't match the image on the purchase page but I was assured that it was correct.  I'm happy to say they finally started sizing the box to better match the contents inside.	[]	B01BYMHE8S	B01BYMHE8S	AHVJ2TBNT6A2T645AN6B2SURJNYQ	1550080250071	0	False
3.0	Three Stars	"not bad for the price	 i use it for when i travel"	[]	B00RTFT08W	B00RTFT08W	AFS5CZANMAWUXKARN6ZIVARHD3ZA	1500558610145	0	True
5.0	Five Stars	Good product. Good price.	[]	B00NEWFBSW	B00NEWFBSW	AH64V4ZHR3ND6ZDO6JDVDF6VJZ5Q	1471315918000	0	True
2.0	Mehh	Some stuck to my foot most did not and my foot was clean and dry when applied.	[]	B074DXY5P2	B074DXY5P2	AEVGRV6Q4CTCNTPYRN5DXCTIBGKA	1533313528734	0	True
5.0	Perky Feminine Cane	This was a gift for a friend and she loved it.  She especially liked that it was adjustable.	[]	B00X4JGFGM	B00X4JGFGM	AG3MT2PJ2TDQUPJBWQAT5EPLA6HQ	1453320014000	0	True
3.0	Not the most pleasant hair removal method...	"I should start by saying this was my first time using an epilator so I'm not 100% sure if this is a reflection of this specific one or the process itself. To start when I turned it on	 I was kind of scared to even put it against my skin... it's loud and the rotating wheel looked like a medieval torture device (lol) but decided to take a deep breath and just go for it. I tried the lower speed and it was just not pleasant- it felt like plucking individual hairs while simultaneously bare hand smacking the same exact spot repeatedly... I've had laser hair removal and it's less painful than this. The pain did subside fairly quickly and while it did remove the hair and the area felt mostly smooth	 it seemed like not all of the hair was removed from the root. To me	 there is really no point in suffering through this process for results that are not any better than just shaving. The device comes with an electric razor head as well that can replace the epilator head- the electric razor does work pretty well and due to the shape of the device	 it's easy to maneuver. Overall just not really worth it to me for what I would only use as an electric razor."	[]	B0BKGJCHRY	B0BKGJCHRY	AGM7VXLQLL3QJ6X6JPUSDO5BRGOQ	1670350690784	0	False
5.0	Good stuff.	I can trust the brand.	[]	B001LF39S8	B0047VWYSO	AH54D25K72V67C3REQOELUBNDKSA	1687038940516	0	True
5.0	Pretty good	"Only tried it once	 so far	 but it was very comfortable"	[]	B01NH32YAL	B01NH32YAL	AFTYA56Z6JTQZCYEDIDMYWVA5XLQ	1498044955224	0	True
5.0	Shiatsu pillow	Like it better then any massage gun. It heats and it’s hands free. Just position your body to wear you want massaged. Awesome product!	[]	B08GK9GKV7	B08GK9GKV7	AHJPRTVV3G67P7TEO4WYKLNYGL3Q	1612204441842	2	True
5.0	Batteries	I needed these batteries for a remote.. and they r not easy to find !! Came on time .. exactly what I needed !!	[]	B07TXN8SSC	B07TXN8SSC	AEQRZ4QPL263SYENEKLKOBLEZTKA	1608844556372	0	True
5.0	Five Stars	This item arrived fast!  I use them for uv led lights for manicures.  They fit all sizes.	[]	B00FDLS7V0	B00FDLS7V0	AEDOKO34X64SNUAHFHA5RAX24DBQ	1459398188000	1	True
5.0	Works great for	This is the only place I can find these! Works great for me	[]	B018KUX7D8	B018KUX7D8	AESD5DRXPU6DVF43GM3B56VEUOWA	1519241298756	0	True
5.0	like magic!	magic!	[]	B00BR1FSU8	B00BR1FSU8	AGGQGEVMZO4YVVAXCT3PWZGVDFLQ	1446403117000	0	True
5.0	These are really good nail wraps super inexpensive and work as well as ...	These are really good nail wraps super inexpensive and work as well as the namw brand ones. Love these totally worth it	[]	B071D4DVD1	B071D4DVD1	AHP6W6GIOPGED5Z3D4HH5IIGM3RQ	1509155621870	0	True
5.0	Love Asutra	Love love Asutra. I have been cleaning my Manduka mats with this cleaner for long time. All scents smell wonderful too.	[]	B00XQBHKW6	B0C1HHXQ94	AFZEL5MRDTPGWZ7JPOJ5JQMRQDYA	1543286961382	1	True
5.0	Gr8 product	great heating wrap	[]	B07PGGYFC2	B07PGGYFC2	AHYLODTX2HX4MFZ5KCKROMYLRJIA	1565454162158	0	True
1.0	Does not work well	"I purchased this last winter and during the cold weather tried using it in an unheated garage.  The results were underwhelming and I believed that it was the cold temperature	 which definitely was a contributing factor.  However once the warm weather got here I tried it again	 followed the directions and the results were disappointing.  There is a lot of work that you must go through and there was still a lot of carbon left on the range burner grate."	[]	B009EC3T3U	B0961HHG6L	AFERGKW7K2AHSZCQDAECLNPRRKRA	1403698431000	4	True
5.0	Love it!!	"Bought this for my goddaughter	 my niece and by boyfriends daughter and i even kept a few for myself. They are amazing and add a little flare to any outfit!<br /><br />this was purchased along with<br />QS 12pcs Baby Peony Flower Headbands (12pack)<br />Qandsweet Baby Girl's Headbands Hair Flower (10 Pack)<br />QS 11 Pieces Baby's Headbands Girl's Chiffon Headband Hair Flower (11 Pack)<br />QS 10 Pieces Baby's Headbands Girl's Headband Chiffion Flower Hair Bow (10 Pack)<br />QS 10pcs Baby Headbands Girl's Hair Bands Infant Flower<br />Qandsweet 9 Pieces Baby's Headbands Girl's Headband Head Wear Flower (9 Pack)<br />Qandsweet Baby Girl's Headbands and Hair Bows (8pack)"	[]	B00EKGWAIK	B00EKGWAIK	AF74FWWSFIXLTHMTRFGMIMGMBG5A	1452173444000	0	True
5.0	Healther ME	"As much as any woman hates to admit it I am overweight	 yes I confess over that years that fat just creeps on all over my body. I look at those articles about body shape	 Pear	 Apple	 Triangle?? What are they thinking? How about the GOOD YEAR BLIMP? Ok	 sorry not ranking here. Just saying lets get real. So I teamed up with some co-workers and off to healthier living we go. I am well aware of the fact a bikini is not in my future and I do not have the time or money to have gastric bypass surgery. As a nurse you would think I certainly know better then to gain this weight and put my health at risk	 well that is all true	 however I am also human	 a mother	 grandmother	 wife and extremely busy so the easy foods are not always the best choice. I want to be around to see weddings	 graduations and more generations of family. So that being said	 lets more on. Green Tea seemed to be just the arsenal I needed to jump start my new and improved self	 and I was right. Now being real you have to accept the fact that there is no magic pill	 so if you are expecting a review telling you &#34;take this product and wonderful things will happen&#34; with out you doing anything else you better stop reading and go back to Disney land. Because in fact this product does help speed you metabolism	 it does help with appetite control but you must do your part also. If you continue with the high and empty calorie foods you will also continue on the path of darkness. As any craftsman will tell you get the right tool and use it correctly. So I can honestly say I used this product with success to lose an average of 2-3 pounds each week	 in addition I had to throw away the chips	 fast foods	 and high sugar foods. I know you are thinking well if you make those changes you may lose the weight anyway and that is true	 however for me I know it helped me to establish a routine and encouraged me to stay on course. I did feel better	 and more confident in my journey. And once again as a nurse I did my research and these ingredients have been known to assist with metabolism and appetite control. There is a lot to be said about herbs and natural products as most all of our prescriptive medications came from those same sources. So as for me it works	 and I am happy with moving forward to a goal of healthier me.<br />I did receive this product at a discount for me frank	 unbiased and honest opinion which i freely give. If this review helps you in any way please like and have a blessed and fantastic day. Wishing you all well in your personal journey."	[]	B01FRIECOY	B01FRIECOY	AEFTAI5KSECDTLQVYJA4YJDS7GLQ	1468927107000	0	False
5.0	Great product	Works perfectly and takes time to get used to. Once you find the right the massage and level your good to go. After a few uses I found pain in different parts of my body subsides. Only thing is that every person has a different body make up and Osito tens unit will work differently for them. Recommend this product. Have used a more expensive product that has more features. So overall the Osito Tens unit is portable and easy to use. Ratings at a 5 stars.	[]	B08MFGSC6F	B08MFGSC6F	AEHSYO2UMVFW4UAVQF4OSCE4YQ4Q	1607640061359	7	True
3.0	Not bad	"Some of them didn't seem relevant to the message on the other side but other wise cute	 reasonably priced"	[]	B00BOUINZO	B00BOUINZO	AFXABVOHJLIGKUBK5JLY7PTSVEVA	1443909656000	0	True
4.0	Works well	Works well. and well priced . I say go for it.	[]	B083LVGQ4S	B083LVGQ4S	AFV7FLGAG5NT6PHYYUOEWLCERZEA	1677736388097	0	True
5.0	Refreshing flavored Water Drops	I am love these for flavored waters	[]	B07CT9HTM9	B07CT9HTM9	AGYOFOJ3XKZHQAFY4QLSHKYX7MJQ	1580672599467	0	True
5.0	Good stuff high absorption no stomach issues	I liked this vit c. It tasted like a sour candy which is my favorite lol but most importantly it didn’t hurt my sensitive stomach. I also take Aloe to help with the stomachache and it helped tremendously. Liposomal Vit C is the best form and I was nervous to take the liquid version given my stomach issues but I am glad I did. This is a good stuff	[]	B0921NRWRF	B0921NRWRF	AHZGQXTGR3WB6CQR3PP2TB2YPTUA	1631731921134	0	False
5.0	Good for the money	As advertised. Cuffs are a little large but used large rubber bands to keep them on when bending elbow.	[]	B00083DFOW	B0027A8QUC	AEM63VVKMJDKJCM3O6QBKRD4RLQA	1557769654030	0	True
4.0	Great first straightener for me!	"I am totally inexperienced with straightening my hair	 but my fine	 thin hair needs all the help it can get	 and after reading a few articles online	 decided that I would try straightening it. It does help! I use it at about 300 degrees and it takes me about 10 minutes to do my whole head of lifeless terrible hair. When it is done though	 it is much shinier and more sleek	 and the effect lasts the rest of the day. The only thing I wish is that the straightener saved my degree preference so that when I turn it on	 it automatically goes back to the last setting I had it on."	[]	B015PPU8D8	B015PPU8D8	AG6LHK3FTIN57SXAXCZKUXOJ7EIQ	1460491778000	7	True
4.0	Good for the price	Good for the price.	[]	B07BPTZSG8	B07BPTZSG8	AHWXP245WNLIGR5J6TSVYP3Z6U7Q	1549919282839	0	True
4.0	Spin Mop replacement heads	These are easy to apply easy to clean 1 snap and that’s it. The price is unbelievable live it	[]	B085Z61V16	B085Z61V16	AEKKCVEWLEWYCGQFEQOPKIAY3SPQ	1601310923442	0	True
5.0	"Wonderful	 high quality back scratcher!"	"Very good buy	 and they gave me TWO FOR THE PRICE OF ONE!  They work wonderfully and have a nice finish on the upper.  They're just plain wonderful!"	[]	B00E1IJ5X0	B00E1IJ5X0	AFY46PAQJ7LIICEEERKLKRNKQ5MA	1469469821000	0	True
5.0	Great	"Very powerful.  Great  value.  Even though this unit was more expensive that several others	 it is well worth the price."	[]	B07VJ1JB3T	B07VJ1JB3T	AHRJNCS77UUIXRHJOYF6AMZVESFA	1583946178447	11	True
5.0	Five Stars	Good deal--good service--thank you!	[]	B00QSDV08Y	B00QSDV08Y	AEU246CLZHP2Z6QI2XGJJSKYZU2Q	1463679493000	0	True
5.0	GREAT	THIS IS A PRODUCT  THAT ALL WOMEN'S NEED TO HAVE FOR TAKE CARE THEIR FACE. HELP A LOT YOUR SKIN.	[]	B07HQRYFQ2	B07HQRYFQ2	AHDJYWZGZUP6JJ33Y7GDZ3P55LDQ	1597147782974	4	True
3.0	"It is very comfortable	 and that is the best that I can ..."	"Did not work as well as the kind that I recently tried from my Cpap specialist	 but it may work well for some folks. It is very comfortable	 and that is the best that I can give it."	[]	B007FGLTXE	B007FGLTXE	AFCU64VUZLH7QXQXSKDX5ZSOHSWA	1408832273000	0	True
4.0	Smaller in person	I liked that it came on time	[]	B07WN8W5RR	B07WN8W5RR	AFMZGGL5LLHHP5LCYWNAR3IUWA5Q	1580270443766	0	True
2.0	"Great product	 assembly not so easy"	"Wish the parts had numbers and clear outlined prcoedure for assembly 	<br />Had to pull up the images from amazon page to try to find out in what way to assemble the product	 very confusing"	[]	B08CMK3KVJ	B08CMK3KVJ	AH63ZQIS75DJL7JXZYPYQUSPVH5A	1601689108102	0	True
4.0	?	okay!	[]	B087Z698JN	B087Z698JN	AFHXWMXC2SWJDPBZ3JAFBXDCH2YQ	1601317523583	1	True
1.0	Did not work	It did not work. I tried everything.	[]	B071CZBLGZ	B071CZBLGZ	AH7JID4ZG7GVNDI2GWJ2WFXZ77ZQ	1513309135189	0	True
5.0	Good price	Great product.	[]	B07PVKC31T	B07PVKC31T	AHCBD5JJHJOKSBT3JDNWC34KUVCQ	1595378012752	0	True
1.0	Company unresponsive to email regarding product claims	"I used the mask once. It was so inferior to the much cheaper 3M mask that I asked if there was any chance of a refund	 exchange or any other solution. They did not even reply.<br />The  cotton mask quickly becomes saturated with moisture from breathing and slides down one's face. The strap design and minuscule nose band are almost useless to prevent this from happening.  It is not a matter of ""fit""	 rather a poor design and use of materials. Additionally	 the cotton fabric when wet is almost impossible to breathe through-think waterboarding. This is the first and only time for me to criticize a product online	 but the lack of a simple response from the company and the obvious inferiority of the product spurred me on to write this before discarding the mask."	[]	B007Q39PWI	B007Q39PWI	AGQKVAVI77XBZ33MTEYHA7RG4GUA	1560369874159	0	False
1.0	One Star	The squares are to small when trying to clean your glasses. I won't order these again.	[]	B07414X6SL	B07414X6SL	AHFF7Y5GE3Y4D35PQYPIKRAKMHDA	1521904673871	0	True
4.0	It's cool to use these super easy strips to see what ...	I always want to know how my body is performing and the how's and whys behind how I'm feeling. It's cool to use these super easy strips to see what your body is doing one day to the next and being able to then determine why to try and see what can be done to make everyday a day when you feel your best.	[]	B01CF8CFM0	B01CF8CFM0	AEL2NAZHBQHJOU5OEUYRI5JWUQUQ	1484721990000	0	False
4.0	U-shaped tooth brushes	They're smaller than we thought. They don't fit my 11 y.o. twins mouths very well so they move them around somewhat to get them to work.	[]	B09J29RY2G	B09J29RY2G	AFSLVATVZJ7NCLLIQ3LTG57APZ3Q	1654728085380	0	True
5.0	It works!!	"Super easy to use product!<br />You twist it a little bit get the gel and it’s ready to use! I used to drink a lot of coffee before	 my teeth got a little  yellow and this product is helping me out. I use it 2 days a week and 2 times a day	 it’s really whitening my teeth. I was looking for teeth whitening at the stores but it’s soooo expensive	 these are cheap and it does work! So worthy!"	[]	B0856TTXS1	B0856TTXS1	AFGLUB5QMHPI3P7QZUH4UWMUXXUQ	1591644754491	1	True
5.0	Nice	Excellent	[]	B0714HKV2V	B0CCWPQL6X	AHZ63UCCZOEPXVOLJJWGW3ABQYTA	1628205868271	0	True
4.0	Soft and fluffy	"I have tried many of Julian's Bakery bars and these are fine in taste.  The best thing about them is they are soft	 fluffy and easy to eat.  So many of their bars hurt my teeth and it's annoying to have to heat them up first.  Not sure how I will like the seed protein as I've never eaten them before.  Hope they don't bother my stomach	 but so far	 none of their bars to which is very hard to find."	[]	B01N6ORAI0	B01N6ORAI0	AETRQ4ZW6PNT37NM37Y2JA6YDY7Q	1487878612000	3	True
1.0	Not for gift giving...	COMPLETELY see through!	[]	B07HQW65TT	B07HQW65TT	AFFRRKDUR56J5J5K34HOKEX7G4BQ	1583168989640	2	True
3.0	It did keep footflexed to relieve foot pain	It was clumsy to put on	[]	B07Y66R41M	B07Y66R41M	AE3YBK47QY4U5UPSJDES5U5ECFPA	1578100526435	0	True
1.0	Not worthy	It’s not pure herbal.it does my suit for my skin .i got itches and burning using this toner	[]	B07RWSD5G5	B07RWSD5G5	AE5NLJN7TQV7FWQ3NODOVHA5Z6OA	1595789944201	0	True
5.0	Helps relieve itchy eyes	Works great	[]	B01LORKEWQ	B01LORKEWQ	AFITBSIZZZQA76PWWXAVOR7PMMRA	1626631686553	0	True
1.0	Not worth  the money	I had read the reviews. Thought they were what I was looking for. We have a bedroom with a musty smell. I placed 3 of these bags in the room. They have not done a thing. The room is still very musty smelling. These things did nothing. Dont waste your money. Very disappointed .	[]	B086965YVP	B086965YVP	AF2LRFB7DI7IV36OZXKOZ54KNRNQ	1598237226546	2	True
5.0	Very nice color once blown up	They were very nice once blown up and durable	[]	B07D5G6DJR	B07D5G6DJR	AF2VQTEHOFG6KUVM6PTVRCFIQMJA	1597838429205	0	True
5.0	Five Stars	Works great.	[]	B00H7TJE3Q	B00H7TJE3Q	AGOXXJBY6J6H4FENAXAACS5I4O6A	1451448243000	0	True
5.0	N/a	N/a	[]	B01N5MIYE2	B01N5MIYE2	AGXKBUEXPFNJGQBBRQEFI3Z73W7A	1667246044457	0	True
5.0	Five Stars	Good for my hair	[]	B00IXX8YMM	B00IXX8YMM	AHRQ7TGQKBLANZJ37P34DXJIRD4Q	1426565541000	0	True
5.0	A fantastic product	These are so wonderful!  It makes it so much easier to to clean out your pieces and saves your hands.	[]	B07L4BXPHM	B07L4BXPHM	AHTXJKPESJOFPE234OHYUJZUVDCQ	1597011881482	1	True
5.0	Five Stars	They were perfect  thanks	[]	B0727N4H87	B0727N4H87	AGWYYC6IYVH3JGJXZIGAEUSVSJGA	1505948004786	0	True
5.0	Very tasty and useful cocoa	Very tasty and useful cocoa. It really helps to my heart. Natural ingredients. I drink it every day. My pulse become more stable.	[]	B0046HTF1S	B0046HTF1S	AGU2K7GULMBJMMOEK24HZNRCNKMA	1384605920000	0	False
5.0	Worth the price.	Very well made.	[]	B00TO9MKIS	B00TO9MKIS	AGPZI2FOWIHQ6ZPVPK45FNE6MZYQ	1471726785000	0	True
5.0	Quality Product!	This is great. It fit and does exactly what the  doctor wanted it to do for me. The quality is excellent!	[]	B07JQFZ27C	B07JQFZ27C	AFC6WPGDEGYSNW3O42LVGALMKHNQ	1598066914149	0	True
5.0	Money saver for me with my artwork!	"I have been using other cotton swabs (with a solvent or solution) to blend the pencil strokes and backgrounds in my pastel art pieces.  Unfortunately those cotton swabs didn't have much cotton on the tips	 had a paper stick and not only did the cotton unravel quickly (making me have to change swabs constantly) but the sticks also came apart in the solvent/solution.  I really like to use the cotton swabs rather than brushes as a blender because it gives me more control	 so I was very glad to find these.  They do not unravel	 are double tipped with cotton and the stick is 'wood' so there's no chance of them coming apart (which saves me money)!  I used to have to use 3-4 cotton swabs to blend one small background	 but with these I can use just one to finish the entire job. These will be the swabs I use going forward for my artwork.  **I received this item at a discount in exchange for my honest and unbiased review (good or bad)"	"[{'small_image_url': 'https://images-na.ssl-images-amazon.com/images/I/414HP8ig8eL._SL256_.jpg'	 'medium_image_url': 'https://images-na.ssl-images-amazon.com/images/I/414HP8ig8eL._SL800_.jpg'	 'large_image_url': 'https://images-na.ssl-images-amazon.com/images/I/414HP8ig8eL._SL1600_.jpg'	 'attachment_type': 'IMAGE'}]"	B01DZ54G9M	B01DZ54G9M	AHNQVF25PQ2GNSIFEOBTPFJ6KEUQ	1462404045000	2	False
5.0	Attachable golf spikes for any shoe!	"I haven’t tried them yet but opened and checked them out 	 it looks like they will be easy to attack and awesome to be able to use on your favorite sandals and sneakers for golf instead of trying to find the right golf shoes. I will give another review when I put them on my shoes!"	[]	B0874XSTL6	B0874XSTL6	AGS5XR6PJTTUHU5H4HW4ROIYGJ5Q	1606139531269	0	True
5.0	Excellent for multi use natural products	"I use this for a face	 hair and thigh mask. It melts and warms once you add your water. You add that first everything else follows	 because it will clump up. It gives my hair a nice warm sensation rather then using a warmed towel for deep conditioning. My hair has grown and now i can feel a difference in texture since i use this once a month."	[]	B00C4Y05PK	B00C4Y05PK	AFPUT65TOX5BOUY5Z7Q3DNEJU6UQ	1595787877355	0	True
5.0	"the best!	 i use it daily."	"can ""work"" with a small amount of water. (best with ice cold water)<br />i will buy more soon since i use it on a daily basis."	[]	B071ZNGVVY	B071ZNGVVY	AG5YQ3K26U6QQZLR27H7ZOWDPERQ	1655458510193	0	True
4.0	Good quality shaving brush	"I own three shaving brushes	 none of them truly top-quality. Of the three	 I like this one the most.<br /><br />The handle is wood. Although the marketing tells us the wood is ""Tasmanian timber	"" and it may well be	 it appears nondescript to me	 light brown without any distinguishing features. It has a thin metal ring surrounding the hole where the bristles enter the handle. It's not a stunning handle but it's certainly nice enough. The varnish on the bottom of mine looked like it had touched something before it had dried completely	 so it's rough	 which is unfortunate but I can live with it.<br /><br />What I like is that the boar bristles are higher quality than those in my other two brushes. The tips are softer	 and there are more bristles bound into the handle. As a result	 it does a better job of making lather	 and it feels softer on my face. I haven't noticed any bristles coming loose while I'm lathering my face	 which is a problem with one of my other brushes."	[]	B09XZ8VTPW	B09XZ8VTPW	AFODRXNLEQI45IJTZOSHP2H2AMMQ	1654977906558	0	False
5.0	Worked great!	"Works great	 but decided that I wanted something a little different in a 6 pack design."	[]	B00FHJT2J4	B00FHJT2J4	AEEM3ZDFRP7PRUE2JOMYHOVKAQNQ	1436233896000	0	True
5.0	Awesome product	"Awesome product	 works like a barrier	 bugs don't like you."	[]	B0032NNW5M	B0032NNW5M	AEGPBX3RO4ROAZR62NA3SBO5CRSQ	1467980528000	0	True
5.0	Great Option	"This is a great option.  It is easy to install and	 unlike other options	 it barely changes the dimensions of the camera."	[]	B00I7JSWJM	B00I7JSWJM	AFR7UFPQN5WJWPJ67QKBWAW3YNWA	1405024397000	2	False
5.0	five stars	good	[]	B07F3VRS94	B07F3VRS94	AFNNOKOYJHBTNFB2GLTRBZDUR6QA	1542346992086	0	True
5.0	Great oil to help old and tired nails!	It has helped my nails become stronger with less jagged edges.	[]	B003O4C8N6	B003O4C8N6	AE4REJPWK7T7K5KY5QVP4RRFDZPA	1604318608094	0	True
3.0	"Works	 but cosmetically flawed"	"Okay so the Dose Lockers work great and they were perfect for the price. That being said	 when I received my two-pack I noticed that half of the paint on both units had peeled off in the bag.<br /><br />Not really a big deal functionally	 but I was a little disappointed."	[]	B008AKOSQY	B008AKOSQY	AGKS2MKYRYU4ZAQGD65OJVF34MKQ	1390350434000	1	True
1.0	Cheap and very small	Too small for a male adult. Threads coming out when i received it. Very cheap	[]	B085RFQVNC	B08Y5S4R7W	AGR5M3AQGKMCNS2XDWBCFK5ES6WQ	1622207102404	1	True
5.0	No mess drop in	Great value. Each disc is pretty long last. Also clean to handle no mess.	[]	B085LS5N2S	B085LS5N2S	AHXGJDEUUXFM4TUKAXYCLYELVZMA	1607259155939	0	True
5.0	Five Stars	ok	[]	B0190ZT0F6	B0190ZT0F6	AG6TT3S42T6YKSIVXYILOKO2DAWQ	1494559833000	0	True
5.0	Five Stars	Perfect for my daughter to take her supplements. Easy to fill.	[]	B005Y2RWN2	B005Y2RWN2	AE5Y4RN3XDARPHAR67AJ5LKHBOAQ	1438865181000	0	True
3.0	Not as good as I expected.  Disappointed	"To open	 some caps were defective and I had to cut them out. Time consuming.  and some swabs were flimsy. I also got a small blister on my gums and irritation."	[]	B01G5Y5900	B01G5Y5900	AH72AKVRMEXG25PPSYO5H2JGYG6A	1657256344448	1	True
1.0	too heavy one half of the two sides works only ...	too heavy<br /><br />one half of the two sides works only half the time<br /><br />No paper work included at all<br /><br />Where to return this???????????	[]	B01G2E63JO	B01G2E63JO	AGRGOB2HWGEEM5RH5TVZPUKPSJAA	1482867348000	2	True
2.0	Be wary of the cord.	I edited this review because when charging the cord gets so hot it could burn you.The toothbrush itself doesn't seem to clean my teeth as well as I thought. I'm returning this product.	[]	B08JLMNTY9	B08JLMNTY9	AF2AXXO2MN747T2IE44EBL5NFPNQ	1606693947326	3	True
2.0	Missing something…	Seriously??? Where’s the spray pump? I’ve used this product before and love it but I just can’t give the seller a good review until this is corrected.	"[{'small_image_url': 'https://m.media-amazon.com/images/I/71IeiZnWbQL._SL256_.jpg'	 'medium_image_url': 'https://m.media-amazon.com/images/I/71IeiZnWbQL._SL800_.jpg'	 'large_image_url': 'https://m.media-amazon.com/images/I/71IeiZnWbQL._SL1600_.jpg'	 'attachment_type': 'IMAGE'}]"	B00LMIMCFU	B00LMIMCFU	AGSAQ5AU5LXCGM6O7P4AY5Z3RFTQ	1658961681108	4	True
5.0	Love it! Need it!	I use it everyday! Works GREAT! -=80)	[]	B004CUHJSK	B004CUHJSK	AE4LGWEQHGH3GNC3YEIWKBSZN34Q	1449672278000	0	True
5.0	Excellent purchase!	"These replacement heads work great.Long lasting	easy to install and  the price is right."	[]	B08CBR14C8	B08CBR14C8	AELWK53Y2MCAHRNTYNXTLJP27ZDA	1608757314096	0	True
5.0	Took the frizz out of my hair.	Worked for my purpose.	[]	B00BTELHGC	B01BV3J3Y8	AFRDVHXF7VPRPMXTKGTUVWTUCCPA	1623285799796	0	True
5.0	Five Stars	So fricking amazing!!!	[]	B01N2TN98U	B01N2TN98U	AHQA45XEN6BM4VQH7G2GGXHI53FQ	1488907162000	0	True
5.0	The original Catalina salad dressing	Even though it says it's a light salad dressing it is the original when they made multiple of this dressing they made the original the light Catalina salad dressing	[]	B07H3BH7JC	B07H3BH7JC	AEEGQZVVCYQGT24G56AHD7Z3OFWQ	1576435644313	0	True
5.0	10/10	Seriously gets all my 4 month old stains out!! Aegen my three year old and hubbys stains!!!	[]	B00N6B34K8	B074WPP49H	AGZMLCDJUYMZ5YTXWUTXAQINJVTQ	1689692531347	0	True
3.0	Three Stars	Good but pricey!	[]	B00016QZ0C	B00016QZ0C	AHTPZTJIJDZ35IPVKE3VCPQJZN3A	1441843023000	0	True
1.0	"For your own good	 STAY AWAY from this product !!!"	"Horrible does not even BEGIN to describe what I feel about this product.  Long story short	 it burned my eyelids and	 worst of all	 my eyelashes look disgusting.  Since neither corner of the silicone rods stick to your eyelids it was	 absolutely	 IMPOSSIBLE to get your eyelashes to lay on them like they should.  Needless to say	 my eyelashes are so curled into themselves that they look super weird.  They are brittle and all over the place.  Now I have to wait like 3 months before I can look	 somewhat	 normal.  So not worth it.  Would I have known this	 I would have stuck to my everyday eyelash curler and mascara routine.  STAY AWAY!"	[]	B01DVXDREI	B01DVXDREI	AFZD73PDDD5KHHAYN6C6R36I5QFQ	1523578938772	0	True
5.0	Good bag	Just what I needed.  Good quality.	[]	B00RKGYRQA	B00RKGYRQA	AGN7WRJWIB5BCBNT53OWLHDGN44Q	1428082922000	0	True
1.0	"Watch your hands	 the handle moves from the lock position lock position."	"This product doesn't work like I expected	 but it makes mopping alot easier."	[]	B073QZ717V	B073QZ717V	AG7NYIYF3ZMNOMPVW3CD4TTPN5OA	1586684635230	0	True
5.0	"Rinses clean	 no scent"	Great for sensitive skin	[]	B00IZUJZGC	B00IZUJZGC	AEWNFI3XQQF5XDGYD3NSKEXCYG3Q	1580516532575	0	True
4.0	Heats very quickly	Great straighter but a little disappointed with the way it curls. Doesn’t provide the curl like in the photos but all hair is different.	[]	B07H2T4Z6W	B07H2T4Z6W	AHAJTSMWQ7XWI3MTOE5HVSG7P5UA	1547750184788	0	True
2.0	Two Stars	I will stick with nugenix	[]	B01L46CHHC	B01L46CHHC	AHG4IY4EUVFV2AB7JPBEQ3SJNYCQ	1527556887853	2	True
5.0	Pines Wheat Grass	"I have been using Pines Wheat Grass tablets for years.  They are a good source of vitamins and mineral. Not a replacement for not eating vegetables	 but close."	[]	B0002JG4GS	B0002JG4GS	AEMZQXQUGBBQOB3GKUFXJEZ4J6NA	1369305383000	2	True
5.0	Works like a charm!	"It works unbelievably fast. There are three feral cats in our neighborhood who I would find on our deck furniture and railing.  I used this product and	 though I have seen on some of my neighbors’ properties	 they never come bar our home anymore."	[]	B0714HKV2V	B0CCWPQL6X	AENXC67EJT7CVJ7TIEPD2AT6VPCA	1590521161097	0	True
3.0	They' re HUGE	"These bags are way bigger that advertised . Easily fit 13gallon can ( tested). I bought it for my mom 	 for her small trash can in the kitchen and she has to tie them around it ."	[]	B07XC4HDVY	B07XC4HDVY	AE27YWVPZ6JDLMYAFSG6J6ADXQ4A	1611489009261	0	True
1.0	One Star	Don't waste your money and time	[]	B014GCG1YG	B014GCG1YG	AET7LMJ7HIBVARFAKAQGT2SAYNIA	1467084990000	0	True
5.0	Simply the best	Love it !!!!!	[]	B00KMW68RA	B00KMW68RA	AGV3IDECT2RI4M7RFLTCYZPWAEDA	1487008946000	0	True
5.0	Totally pleased.	Totally pleased.	[]	B00QAU4GIG	B00QAU4GIG	AEAQS2LBVBJJHOLYD3TCOEQ4QWYQ	1544130913475	0	True
5.0	Works as expected	"Don't really notice any warming or cooling sensation	 but they work well as lubricants"	[]	B018JFXHOS	B018JFXHOS	AFYUWSFIBIMQD4FK5MW4EY3XNQFQ	1565461210936	0	True
5.0	Great product! A tasty way to get extra vitamins and nutrients	"I've used a few different products like this before	 and this is the best I’ve found to date! I purchased the grape flavor	 which tastes great	 but even more important than taste is the additional benefits that an electrolyte powder brings; better hydration	 a feeling of increased energy	 and peace of mind with additional vitamin and nutrient intake. Dissolves really nicely in water as instructed. I'm using daily	 and will continue to do so - can't wait to try the other flavors!"	[]	B08MB6H5CL	B0CB33QW6H	AERGQXJJRVXNUM3JWW3MALXMAXUQ	1648670884636	0	False
3.0	Good Product	Works as expected.  My daughter doesn't have allergic reactions from this product.	[]	B00O33FU0A	B00O33FU0A	AGXUH3TIEYI6PYKWNJGY3IELMPWA	1446861127000	0	True
5.0	Great Product	Love Witz products. Last one only lasted 15 years. Perfect for storing sun glasses or glasses. I use when Scuba diving as well as carrying muy regular glasses when wearing sunglasses.	[]	B0007PDD98	B00W4QOCES	AGPTKUBCCIMYN7XQZ4NLSN3JNEKA	1460558867000	0	True
5.0	Good value!	Gets the job done.	[]	B01KLQXJBE	B01KLQXJBE	AF2S2FAD6DABB2DIJU5R6KM2PNCQ	1576701747833	0	True
3.0	These are ok	These are more for spongey type of comfort. They give some support. They make your shoes fit tighter because they are thick. They are pretty easy to trim to size and fit most of my shoes.	[]	B07CKCW4GB	B07CKCW4GB	AGUEKPIBITCAX2PA3RJN66YDGWCQ	1651458628747	0	True
1.0	Need my money back product doesn’t work	It doesn’t work it’s useless bs that’s smells bad and the Neighbor cats still come on my porch I truthfully won’t my money back	[]	B071VXZFBW	B0CCWPQL6X	AERUC62EKLZ423KRJ7LYLIN4KV5Q	1627099751601	0	True
2.0	Too small to manage	"Four of five cones are really small for the fingers	 only the bigger one matches for my hands and gives space to apply the Verruca Freeze easily."	"[{'small_image_url': 'https://m.media-amazon.com/images/I/61NGqRWo-tL._SL256_.jpg'	 'medium_image_url': 'https://m.media-amazon.com/images/I/61NGqRWo-tL._SL800_.jpg'	 'large_image_url': 'https://m.media-amazon.com/images/I/61NGqRWo-tL._SL1600_.jpg'	 'attachment_type': 'IMAGE'}]"	B071499C5F	B071499C5F	AFWZQBJDIJX6TF4DXVP23E2PZITA	1678920092390	1	True
4.0	They really work	They really work!	[]	B01G5Y5900	B01G5Y5900	AEEDBQA7UJ7CN7QUFBF6THIJJ4JQ	1623484300466	3	True
5.0	Five Stars	I love this product and put a scoop in my smoothie daily.	[]	B01HFMXB4C	B01HFMXB4C	AGREIMOE5R4LGDT65DSCMN6UJ6CQ	1500094338456	0	True
5.0	"Inositol	 The True Missing link for Emotional Stability"	"I bought Inositol from Lift Mode not because I suffer from depression or anything like that. But figured after studying that Inositol can help sensitize the 5ht serotonin receptors and promote serotonin production. Which in any case would be great for people with Depression. I have read about lots of people taking Inositol after taking SSRI's for so long that they feared caused toxicity because while Re-uptaking can be good if you have too little serotonin it also prevents concentration. Taking Inositol seemed to have a beyond subtle effect on these people judging anecdotally.<br /><br />But that's just the cherry on the icing of the cake as far as Inositol's far reaching benefits. Treating ailments involved with diabetes	 Alzheimer's	 Depression	 OCD	 Schizophrenia	 ADHD	 Autism are some it's other forays by balancing serotonin and other neurochemicals responsible for running amuck and causing things like Anxiety	 panic attack. Inositol also causes hair growth and mental concentration.<br /><br />In My Experience I have noted the subjective effects from doses ranging between 1	000 mg to 12 grams:<br />I received the package at my door rather quickly	 it came equipped with a measuring spoon	 and a COA proving it's level of purity. I added the powder to some water which made it taste really sweet so it goes down really smoothly. After anywhere between 30 minutes to an hour I felt distinctly myself if not moreso. I noticed little the first night until standing in front of my shower I felt awkward just having a nice shower and getting out like it was nothing... I realized about myself suddenly that I trapped myself in a maze of all these rituals such as drying off my body	 and it felt impersonal. Oddly I stood there and as I did I felt like something was surrounding me and within seconds I felt this indescribable feeling like as if I was biologically apart of something unimaginably.<br /><br />Ever since then every night I have been taking I have noticed I get along easier with people. One night while painting at a park at night where they have all these Christmas light props some girls came by and I was like a seething social butterfly	 showing them some of my favorite blues musician's like old Howlin' Wolf	 they liked my painting and soon all her friends came	 and I noticed talking for me was much easier even around girls enough that one of them gave me her number.<br /><br />On Inositol I've also noticed writing for me comes much more fluidly. Otherwise I haven't been let down since.<br />Only side effect noted was bruxism otherwise Inositol as with everything affects everyone differently. Thank you for reading"	[]	B0093RSMUQ	B0093RSMUQ	AGUHOOUHQONHUROEISBVGYJSZDLA	1386189271000	6	False
5.0	Thanks	Thank you . Good quality	[]	B01M4QMVIM	B01M4QMVIM	AE43XZTREF5EQZYO57XTW5WWH74Q	1564813733714	0	True
5.0	Five Stars	Hard working detergent with all the right values.	[]	B00O33E2WW	B00O33E2WW	AFSMGIONJ23LJ2DSHXQTDKNPCXTQ	1461592852000	0	True
4.0	Like it	"I like it	 it is light and easy to use but I am constantly hitting the settings button with my had which changes the mode.I replaced a sonic care and I am not sure I like this one better"	[]	B074Z74VCN	B074Z74VCN	AF2UI7H2XOVOMSTZKM26RPGTPDXA	1509210946533	0	True
5.0	Five Stars	These are just the right size to mix up potions for use with the essential oils.	[]	B00WRPIB5W	B00WRPIB5W	AHZ35L37N6G3SQ3PM6ZN3D5SLMPQ	1486800716000	0	True
4.0	Medical advice on taking pills required this solution.	"It crushes all the small pills which are not inside plastic cases.  But fish oil when crushed leaves sharp bits of dangerous covering	 have to use scissors and spill it out..  Curcumin also has to be opened by hand and powder comes out.  Very glad I bought it!!"	[]	B07HLRVVLX	B07HLRVVLX	AHKIPQYDT2FA5EJMYKKRI527MCFA	1551034309936	0	True
5.0	That the product works fast and long	Works fast and long lasting	[]	B07HKR1ZPF	B07HKR1ZPF	AFKHDIDIOCL2K45DB5PJMWWFE77Q	1626722733786	0	True
1.0	I am not happy about this but I would like to know what you are going to do about it	[[VIDEOID:4a2a739f6935ae8bd190dfb43851512]] Somebody opened my item this is not cool okay thank you ms Renee Glover	[]	B0817XQ59C	B0817XQ59C	AEAN46QDTVF4LXE2FJ5IHVK3GP5Q	1592169523230	15	True
5.0	Reduces systemic joint pain	"My chiropractor recommended that I try this product for systemic joint pain	 related to withdrawal from a prescribed pharmaceutical product.<br />To my surprise and delight	 my joint pain was reduced by ~80% while taking this product and the pain returned when I missed or skipped a day.<br />This product helped me	 it might could help you. Make sure you get the bio-available Long Vida variety."	[]	B01MST2CMM	B01MST2CMM	AF6HKSA3OL5SRQDVDEL7XVPFPTIA	1493141258000	9	True
4.0	Solid Foam Roller	"This is a great foam roller if you're only looking for a simple one that doesn't have a million different ridges and shapes and protrusions. It's got a really minimal and basic design made of EVA foam that has a mini-bump texture all around the outside. It doesn't come with anything else like instructions or the like	 so you're on your own but I suspect if you're buying a foam roller you probably already know what it does and how it works."	[]	B07HGWBWFT	B07HGWBWFT	AFWRLMUFXWUESGBKAM3DSYQKWL4A	1576617993668	0	True
5.0	Looks mint! Everything lined up and hardware was included ...	Looks mint! Everything lined up and hardware was included. I used a power drill and had no problems (with another person helping me).	[]	B00819HSHK	B00819HSHK	AHANIZR7BRBIOTF3NB7BZDDGHKFA	1460428488000	1	True
5.0	Best lambswool in all aspects	"No other lambswool compares--the amount provided at the cost is incredible; quality is immediately evident: clean	 thick	 easily pulled apart to use as needed; packaged to remain clean forever; odorless--it is all wonderful."	[]	B002EX5E2A	B002EX5E2A	AHPBB75MJJISY46SR62G7LVT65GQ	1454584241000	1	True
4.0	I weighed my options	"This is my first smart scale. It is working out real well so far. I have read some of the other reviews. In answer to the complaint that the scale was only reporting weight: either (1) you don't have your phone app open	 (2) your scale batteries are already needing changing	 (3) your smartphone maybe has an old version of Bluetooth? In answer to the complaint about the feet for carpet not helping: Maybe &#34;carpet&#34; in China means a thin throw rug as opposed to a heavy rug stapled over a piece of foam? All of the features worked for me. But consider the sparse instructions in non-native English (but not too bad). The provided batteries were weak in approximately 4 weeks. It was easy to not install the batteries firmly aligned and in-place. The good news is that if you use your common sense	 the scale works well and is a good value compared to more expensive alternatives."	[]	B00YLUKZ96	B00YLUKZ96	AG4ZJC6Z7JLCGW2FAAPHLKVD4MHA	1466377096000	1	True
5.0	Great product	"Small pill	 easy to swallow & love that it’s a capsule not a hard tablet"	[]	B085HJXG11	B085HJXG11	AERNFTTUZZO4V7S3HYXAPTTWSBZA	1601491967849	0	True
5.0	Great product	"Works great as long as you keep up regular	 every other day cleanings. Otherwise I noticed it actually made the errl claim clump up together more over time 3+ days. Which is not advised anyways. 5 out of 5."	[]	B00C6L66CC	B00C6L66CC	AHWV56II2CEJEY5VEESE5KAYZHGQ	1456961602000	0	True
5.0	Great quality at a fair price	Nicely made. Incredibly sharp.  I never realized that that you could clip your nails without needing to file them afterwards.  They do take a little bit of getting used to because of the angle of the clipper you need to tilt them backwards a little bit.<br />Overall I highly recommend them.	[]	B077T14Y8V	B077T14Y8V	AEBF63PEWKBPATEQAXCUUV7Y7FRQ	1577475186544	4	True
5.0	"When you need it	 you need it!"	Keep it in your kit for those times bugs are annoying.	[]	B07ZQWKBV3	B07ZQWKBV3	AGWCVLAXFR5B7J4OMXPLGSKXYA6A	1581215206031	0	True
5.0	The best natural hydration & electrolyte source of replenishment	This stuff is the best! I feel so much more energized after I drink this after hot yoga. I really think it’s superior to all other natural hydration drinks & this is a great price!	[]	B076BVQYJR	B076BVQYJR	AFFJDTANCIHVVSZYSPK46BZHKHBA	1580500922457	0	True
5.0	"Small	 Compact	 and Versitile"	"This ladies' multi-function razor was a just because gift from my husband. It comes with a trimmer	 three hair-length safety guards	 a facial spa scrubber	 soft facial brush	 a small cleaning brush	 and a charging cable.<br /><br />The razor comes in a nice canvas hardshell case protected by foam.  It is small enough to take along on any trip. All the accessories are neatly stored in a net above the razor. Out of the case	 I charged the main razor which has a digital readout. It gives you indicators when it is fully charged.  Since it came partially charged it only took about 15 minutes to become fully charged. The run time on the battery is about 90 minutes but I only ran it for about 30 minutes for all of my needs.<br /><br />The razor has 5 heads that are smooth almost floating across your skin. As I have sensitive skin it did not irritate any area I used it on. I have used it almost daily on my legs and it keeps them hair free and smooth.<br /><br />The blades are somewhat easy to clean. The outer 4 blades swing up from the center like trap doors. The center blade must be twisted a quarter of a turn to lift it off and brush it out. My only wish is I could access the blades and clean between them and the floating heads. It seems clean enough but I only hope it does not get clogged up over time.<br /><br />The razor housing is easy to disconnect from the motor and all the attachments go on very easily. The mini clipper with 3 different size guards does the trick in private areas. The facial scrubber gets deep down dirt	 dead skin	 and oil out of your skin. Then the soft facial brush takes care of other facial areas that need a gentle touch.<br /><br />The size of the hand grip is perfect for me to hold. But I can see some smaller hands becoming fatigued after a lot of use. The unit is quiet and has some vibration but not like so many other electric razors I have used before.<br /><br />I'm so glad my husband purchased this kit for me and I know you will enjoy it as I have."	[]	B09PD76ZYZ	B09PD76ZYZ	AE4C6OHC556QM3NH63MORD2J7KUA	1653649727130	17	True
5.0	Soft white!	Love the color! Soft white :)	"[{'small_image_url': 'https://images-na.ssl-images-amazon.com/images/I/614YRZeQQdL._SL256_.jpg'	 'medium_image_url': 'https://images-na.ssl-images-amazon.com/images/I/614YRZeQQdL._SL800_.jpg'	 'large_image_url': 'https://images-na.ssl-images-amazon.com/images/I/614YRZeQQdL.jpg'	 'attachment_type': 'IMAGE'}	 {'small_image_url': 'https://images-na.ssl-images-amazon.com/images/I/614YRZeQQdL._SL256_.jpg'	 'medium_image_url': 'https://images-na.ssl-images-amazon.com/images/I/614YRZeQQdL._SL800_.jpg'	 'large_image_url': 'https://images-na.ssl-images-amazon.com/images/I/614YRZeQQdL.jpg'	 'attachment_type': 'IMAGE'}]"	B00D6N8KIM	B00D6N8KIM	AGTMIQ2H7QBJ2CUJSELZBY253DLQ	1479692564000	1	True
3.0	Maybe I just expect a lot more	I ordered this particular product because it advertised itself as being the strongest concentration. I am not exactly sure what I'm supposed to feel while using this product but when I used it as directed I felt nothing. But a friend of mine swears by this type of product and says it gives him total relaxation. I did not find that with this product but I don't know if I'm expecting too much and I should be using a different version.	[]	B09G8Y3BXM	B09G8Y3BXM	AGWIO7XQO2RHGFZCY7FAARVE3WMA	1664954949767	0	True
5.0	Life Changer	"This herb blend has been a life changer. I was treated for Lyme with abx a few months ago but my symptoms have lingered. Periodic	 disabling fatigue	 severe muscle and joint pain	 horrible headaches and brain fog	 While trying to decide how to proceed.. more abx or the herbal route.. I found out about this product and within a day I noticed some big changes. I don't fatigue as easily	 I have way more energy and a clear head. And even though my muscle and joint pants haven’t completely gone away they’re absolutely tolerable and don’t hold me back from much. I started with half a dose	 2xs a day to ease in. This blend has a pretty pungent	 bitter taste but lemon juice is the key! A glass of water with juice of half a lemon and a full scoop of herbs.. shaken or blended well.. goes down super easy now. Almost like lemon iced tea! I’ll continue to use this product in combination with my other supplements. Thanks!"	[]	B01LYRQC8H	B01LWTHIWD	AEKDLGAGUDZ5XH4OVLJLABI4JF7Q	1514831512968	44	True
5.0	Worked as expected	The product worked as expected. Elevation worked perfectly and the ability to unzip and wash was great!	[]	B07VMQG2BB	B07VMQG2BB	AHBPNIEPO6LJPP3GGZYIS3SQD4AQ	1576012013383	1	True
5.0	"The scent is nice	 and it's not greasy"	"The scent is nice	 and it's not greasy. I use it on my skin with a carrier oil and I like that it doesn't burn me!"	[]	B0765B4HMV	B0765B4HMV	AHVRXLXN5L3I2N6QOPB57CV6QEZA	1518927142924	0	True
5.0	Actually works	I was surprised to wake up and it was still on my head. Works great and would purchase again.	[]	B003I5VN7S	B07LFXRPMZ	AH3ICPLDEOMVIYLKWLL56LM5DAZQ	1672534322394	0	True
4.0	but this is super insanely easy to use	"I have recently developed cystic acne at 25	 with no history of breakouts. I tried everything from changing my diet	 increasing water intake	 switching skincare products	 nothing worked. I bought this after I remembered getting an actual plastic shard in a pore that closed up and finally popped out a year later.<br />First of all	 for the price	 this is surprisingly effective. I plan to purchase a stronger one	 but this is super insanely easy to use.<br />Second	 the the few times you use it	 be prepared for a LOT of oil	 dirt	 and sebum to show up. I regularly use an extractor tool	 but this got SO MUCH STUFF out.<br />3. It's actually helped clear my skin up. I use it every couple days on problem areas. I use an extractor to open the clogged pore	 and this to suction it out. It heals 10x faster than if I drain the pore with the extractor or squeeze it out.<br />Again	 not super strong	 but it works	 and my skin it happy."	[]	B01EUZDZRK	B01EUZDZRK	AG2ADZPMNGOFH3FUM6643JRQ7ZAQ	1476860678000	7	True
1.0	One Star	Does not work	[]	B010G18D8S	B010G18D8S	AF2WX4DCBACXSMCUUH2LC6U62EXA	1446954084000	0	True
5.0	Customer Review	"If I could	 I would rate this memory book a &#34;10+!&#34;  It is totally beautiful!  I purchased the same book 3 yrs ago for my daughter-in-law's baby shower gift!  She loved it so much that she asked me to purchase the same type of book for her second baby!  I did	 plus added the CR Gibson Beatrix Potter Photo Memory Book!  I highly recommend the CR Gibson Products!  Great quality and pricing!  Just beautiful!  THANK YOU!!"	[]	B001G5ZK76	B001G5ZK76	AEPDEI3I24U2ZW54C65QYHGHBKMA	1362666282000	0	True
5.0	Exactly what I needed!	"These are fantastic! I take 9 pills a day—three different times of the day. I also have neuropathy in my hands due to past chem infusions. It was difficult to open that many pill bottles throughout the day. These are super easy to open and easy to fill.  I also recently took them on a cruise with me	 and they were wonderful and traveled well. I highly recommend these!"	[]	B07L4TPZXW	B07L4TPZXW	AG7QSJQU54AS4OUYD447FLN5WYPA	1576367110972	0	True
5.0	Life changing 😉	Absolutely awesome!!!! Bought this  after I saw an YouTube influencer use it and it has changed the way I do my hair!! It’s a bit pricey but  soo worth the money!!!! I can’t curl my hair with a regular curling iron to save my life! With this less than 20 minutes and I have awesome waves! Love love it!!!	[]	B0728KKJSN	B0728KKJSN	AHLLXT4N6BM7VEK3YAIXKDC5VHAA	1579435289327	0	True
5.0	This little jewel is wonderful	"It has good vibration	 is very flexible and soft. The vibrating motion is highly helpful-multi speed. This beauty stimulate your labia and clit to coax you closer to climax. Is easy to clean with soap and water."	[]	B08MZHLL28	B08MZHLL28	AFG3GIK2SZHZPJWO2LOIXZ3KO4HA	1629044251190	0	True
4.0	The Necessary Vitamins and Minerals	"This Amazon Elements One-a-Day Vitamin/ Mineral supplement tablet bottle of 65 tablets- good for 2+ months of daily use	 is geared for women over 40+	 and has a range of the vitamins necessary for good health	 as well as a selection of mineral additions useful to boost and keep up immunity. These tablets are vegan and said to be &#34;whole food cultured	&#34; presumably to mean the vitamins are derived from more natural sources- foods- vs. created artificially.  However	 I tried to use the Amazon Mobile app for scanning	 to read what looks like a QR code on the front of the bottle	 that should link to an information page re: details on the ingredients of vitamins	 and was unable to determine what scanner to use/ where it was in the mobile app.  The only downside	 and this may only be me	 is that these are like horse pills	 and HUGE in comparison to most of the multi-vits i've taken in my life	 and I hate swallowing big pills.  Also	 they have a distinct vitamin B aftertaste	 if you know what I mean. Bottom  line	 though	 I think these are good quality vitamins	 based on how I feel after taking them for a week- subjective	 but they seem to work well."	"[{'small_image_url': 'https://images-na.ssl-images-amazon.com/images/I/713MzGXUoaL._SL256_.jpg'	 'medium_image_url': 'https://images-na.ssl-images-amazon.com/images/I/713MzGXUoaL._SL800_.jpg'	 'large_image_url': 'https://images-na.ssl-images-amazon.com/images/I/713MzGXUoaL.jpg'	 'attachment_type': 'IMAGE'}	 {'small_image_url': 'https://images-na.ssl-images-amazon.com/images/I/71KKODDwv1L._SL256_.jpg'	 'medium_image_url': 'https://images-na.ssl-images-amazon.com/images/I/71KKODDwv1L._SL800_.jpg'	 'large_image_url': 'https://images-na.ssl-images-amazon.com/images/I/71KKODDwv1L.jpg'	 'attachment_type': 'IMAGE'}	 {'small_image_url': 'https://images-na.ssl-images-amazon.com/images/I/71aaIWb4JZL._SL256_.jpg'	 'medium_image_url': 'https://images-na.ssl-images-amazon.com/images/I/71aaIWb4JZL._SL800_.jpg'	 'large_image_url': 'https://images-na.ssl-images-amazon.com/images/I/71aaIWb4JZL.jpg'	 'attachment_type': 'IMAGE'}	 {'small_image_url': 'https://images-na.ssl-images-amazon.com/images/I/71pW3subIeL._SL256_.jpg'	 'medium_image_url': 'https://images-na.ssl-images-amazon.com/images/I/71pW3subIeL._SL800_.jpg'	 'large_image_url': 'https://images-na.ssl-images-amazon.com/images/I/71pW3subIeL.jpg'	 'attachment_type': 'IMAGE'}]"	B075DLLC57	B0C6H6RRVB	AFATNFWGYVVMEZWGDNLDUXRBRFLQ	1515459690659	3	False
5.0	Five Stars	great product thanks	[]	B00UA4RL0I	B00UA4RL0I	AEQPHBGHFWJBFDBPGDS3OYKQ6JDA	1521418262645	0	True
1.0	Looking for facial pain? Look no further.	"Hey	 have you always wanted to scrape your face with sandpaper but just lacked the will? Or maybe wanted to pull every other whisker out of your pores as if it was being done by a convulsing patient with dull tweezers? Well have I got the trimmer for you. Just jam this whirling blade of 'Holy-$H!#-THAT-HURTS' right up your nostril and let it's slow	 dull blades snag and snare your nose hair away. But wait there's more. If you want to exfoliate your face like a sandblaster scrapping away popcorn foan from a crack house ceiling	 be sure to attach the 'Stop-it-Stop-it-I'll-tell-you-anything-you-want' beard trimmer attachment and carve your way to facial bleeding	 uh.. bliss. The slow	 powerless motor yanks and tugs every other whisker while at the same time grinding your face with a mesh of 30 grit metallic sandpaper. It's an experience to be sure. Just be certain your health insurance is paid up first. The EMTs and ER doctors like to get paid too. Maybe you'l make it into the next book of medical mishaps and ER horror stories. And when it's all over	 be sure write a review here on Amazon and tell us why this device should be in every interrogation room from here to Guantanamo Bay. Happy bleeding."	[]	B0753GD6H8	B0753GD6H8	AHC3LGXJEQT5IQRB2EEWYNE5GHAQ	1526935109218	9	True
5.0	This product has helped with my blood pressure	This is a product that I’ve been using for a long time and will continue to do so.	[]	B00CM6Z4N8	B00CM6Z4N8	AEP3IZHRHV2WMW6IG4TUPYRLQ7DQ	1560206547993	1	True
5.0	AWESOME	LOVE IT	[]	B07P9STNW4	B07P9STNW4	AGLNKSC65R2UOOH7VGUBNFOAQBUQ	1570028033936	3	True
5.0	Delicious ❤️	"I have been buying these on and off for a few years- usually after having a baby and trying to eat healthy. These are my go to treat and I LOVE THEM! If someone gives them a bad review	 they are crazy!!!<br />They are a little pricey but well worth the money for a special treat now and again!"	[]	B082DRDB7R	B082DRDB7R	AGBJ54YIE5V6A3XOPCM7DWNG5BVQ	1679971829885	0	True
5.0	Very good	"I have been taking it for 3 weeks now to help with my autoimmune disorder and the rash is gone	 together with eliminatin diet of grains and sugar.  It helps the liver do it's job."	[]	B0016BLT5C	B004NR0J0C	AHRDSEI667FIHRMVQKYIF6UWIDNQ	1353942922000	25	True
1.0	Like sand paper! Wouldn't buy again	Don't buy these unless you want hard tissue on your nose. Complete false advertisement as these are as rough as sand paper and makes your nose red and rare.	[]	B07HSF5HTX	B0BSRPX53Z	AH4CT2Q6M2OA55NTOKI2IDDDARFQ	1576725110128	2	True
4.0	Safe	[[VIDEOID:27a0efbbcdc08e3f285e13691b4aef58]] Very nice walker!	[]	B079M3VCN6	B079M3VCN6	AGZDV3SMWIXOQWIOGNMJL2L7SNMQ	1547156122772	7	True
4.0	Beautiful	"For the price	 very nice stone"	[]	B00PRPS974	B00PRPS974	AGUU52C5MWNZNEBZP3RLNPAGSAEQ	1629312032020	0	True
5.0	The quality	I could put at least 2 glasses in one slot	[]	B01H7PK80C	B01H7PK80C	AG42E3Y43WCLM27WBPCKEK6FVWSA	1548473556183	0	True
5.0	I like this yoga mat cleaner because it smells lovely which ...	I like this yoga mat cleaner because it smells lovely which is especially pleasant when I have my face pressed to the mat!	[]	B00XQBHJOU	B0C1HHXQ94	AHLBLBAE6EKHG32DMKI5KRAFUQAA	1503108870335	0	True
3.0	Three Stars	Not sure whether it does anything....	[]	B00TJ0PSWW	B00TJ0PSWW	AEXNSE4GIRLH4HV5P2THBLMBWJHA	1491511816000	0	True
5.0	Alleviates pain	Great product!  Purchased for my BF and it absolutely works as advertised!	[]	B09M3RFPSF	B09M3RFPSF	AE5UJWLSWW5W6MEBDGRO3WYOLH2Q	1646248607036	49	True
5.0	Works great: ) I take one twice a day	Using for breast milk production. Works great :) I take one twice a day.	[]	B01IAZ7SV0	B01IAZ7SV0	AHJWDPHS42G77JMEGYVUA64L3HRQ	1524963884844	2	True
3.0	Need work	Does not block out all the light for me comes off and hurst my ears	[]	B0814TKHTV	B0814TKHTV	AGT23R4HIKTMPDYWCXZ5TDIVQ4SA	1590808105777	0	True
5.0	Cheap but good	Small a	[]	B075VLQWTT	B075VLQWTT	AHCXJGO2DIU6SW6IWLF2BCVRQD2Q	1545296013794	0	True
5.0	lather a good layer of this stuff on my face and neck	"I am grown man with a reasonably thick beard	 and this product has literally changed my life. I have never been able to shave my neck because I will undoubtedly get unsightly razor bumps within the next few days. I had tried safety blades	 various shaving creams for sensitive skin	 after shave balms for sensitive skin	 etc and NOTHING worked. Finally	 I gave this a shot after a friend told me he has a similar problem and this fixed it. Sure enough	 no razor bumps! These are the steps I use to prevent razor burn: I use a orange cheapo safety razor (only used a few times)	 use warm water to open my pores and soften the hair	 lather a good layer of this stuff on my face and neck	 use LIGHT pressure to shave with the grain while trying to make sure there is always a nice film of the shaving cream on my skin	 then wash with cold water to close the pores. I HIGHLY recommend to women and men alike!"	[]	B00C6NTJV0	B00C6NTJV0	AFP7BUCWSKZ3N7N2XXERIHMNPEMQ	1489682277000	2	True
5.0	Lots of laughter!	"We had a lot of fun with this game at the baby shower. Kept the whole group	 including the men	 entertained! The 'sperms' have a little double sided sticky tape	 so the game was ready to go when I opened the pack."	[]	B00G5JIJ4O	B00G5JIJ4O	AGVLYWIZ4BMI746RGXAEXNOKWZ7Q	1429304099000	0	True
5.0	It works	Great product for Gas. I take it when I’m gassy. I also find it helpful to “go” regularly . Would def recommend this product. It works	[]	B01FEGIQN2	B01FEGIQN2	AFRZC34EPMY774WWA2G7TWSQNLSA	1609746320742	0	True
5.0	A great sunblock for lips!	"Works well.  I live in the desert and the sun is intense many months of the year.  Over the years	 my lips have become more sensitive to the sun.  Have been using this only a couple of months	 but so far	 it has done a great job."	[]	B01D4ZIOAA	B01D4ZIOAA	AEGB3QDJ3CJPUC2USQRXXXSYKWAQ	1527636184616	1	True
5.0	Great for inflamation	I have been trying to get in a some good oils and its hard to remember to do it every day. I work in a nursing home and I need to keep myself in good health. These are great way to get those in especially with my inflammation and allergies.  I feel like I am doing something good for myself. I like that they are easy to swallow and no aftertaste!	[]	B0751H9S4L	B0751H9S4L	AFX67CBRIS5ZYBSJUXQNP2FV4VFA	1536248224059	1	True
4.0	Four Stars	good but smaller then i thought	[]	B079GBLHBT	B079GBLHBT	AFKMZJVB2RIRYIVDSFHZG2B4W4YA	1528296067217	0	True
4.0	Great!	"Great product! Easy to roll and burns well. Although for some reason I thought it would be the actual size of the bill	 its not. Other than that very satisfied."	[]	B0721M7L8V	B0721M7L8V	AEWRGYOBWWSGXYVL4WPMYAT3HJ6Q	1520360451666	1	True
5.0	The Best!	It works great!	[]	B01AVR4VVU	B01AVR4VVU	AHPY7JOLY7VQHZ2SA6LWQW6ZP24Q	1620663408968	0	True
5.0	the bees knees of body trimmers	"These trimmers are excellent.  very good motor	 very good blades.  excellent package.  I like the base	 sadly the base does not charge	 it only holds the trimmer.  nice long usb-c cord. the great part is these come with an extra set of blades.  I am going to compare this to the famous MAN G$$$$mer LAWNM$$ER.  do not waste your money on that over priced popular brand.  this trimmer is way better in every single metric. not kidding.  I hate that I fell for the good marketing of that other brand.  You will not be disappointed in purchasing this trimmer. I love everything about this product. there are no cons at all. Price is as good as the performance and included accessories."	"[{'small_image_url': 'https://m.media-amazon.com/images/I/61+eg6g2KdL._SL256_.jpg'	 'medium_image_url': 'https://m.media-amazon.com/images/I/61+eg6g2KdL._SL800_.jpg'	 'large_image_url': 'https://m.media-amazon.com/images/I/61+eg6g2KdL._SL1600_.jpg'	 'attachment_type': 'IMAGE'}	 {'small_image_url': 'https://m.media-amazon.com/images/I/610HyeBdUQL._SL256_.jpg'	 'medium_image_url': 'https://m.media-amazon.com/images/I/610HyeBdUQL._SL800_.jpg'	 'large_image_url': 'https://m.media-amazon.com/images/I/610HyeBdUQL._SL1600_.jpg'	 'attachment_type': 'IMAGE'}	 {'small_image_url': 'https://m.media-amazon.com/images/I/61EPvzP9sEL._SL256_.jpg'	 'medium_image_url': 'https://m.media-amazon.com/images/I/61EPvzP9sEL._SL800_.jpg'	 'large_image_url': 'https://m.media-amazon.com/images/I/61EPvzP9sEL._SL1600_.jpg'	 'attachment_type': 'IMAGE'}	 {'small_image_url': 'https://m.media-amazon.com/images/I/61FR8XG7JRL._SL256_.jpg'	 'medium_image_url': 'https://m.media-amazon.com/images/I/61FR8XG7JRL._SL800_.jpg'	 'large_image_url': 'https://m.media-amazon.com/images/I/61FR8XG7JRL._SL1600_.jpg'	 'attachment_type': 'IMAGE'}	 {'small_image_url': 'https://m.media-amazon.com/images/I/61v-fV+sQ9L._SL256_.jpg'	 'medium_image_url': 'https://m.media-amazon.com/images/I/61v-fV+sQ9L._SL800_.jpg'	 'large_image_url': 'https://m.media-amazon.com/images/I/61v-fV+sQ9L._SL1600_.jpg'	 'attachment_type': 'IMAGE'}	 {'small_image_url': 'https://m.media-amazon.com/images/I/71Bb7Z5FTRL._SL256_.jpg'	 'medium_image_url': 'https://m.media-amazon.com/images/I/71Bb7Z5FTRL._SL800_.jpg'	 'large_image_url': 'https://m.media-amazon.com/images/I/71Bb7Z5FTRL._SL1600_.jpg'	 'attachment_type': 'IMAGE'}	 {'small_image_url': 'https://m.media-amazon.com/images/I/71VjegLddVL._SL256_.jpg'	 'medium_image_url': 'https://m.media-amazon.com/images/I/71VjegLddVL._SL800_.jpg'	 'large_image_url': 'https://m.media-amazon.com/images/I/71VjegLddVL._SL1600_.jpg'	 'attachment_type': 'IMAGE'}]"	B0BMDXBWCK	B0BMDXBWCK	AGX2UDNFCTQ6U7DGZPBCMCVPUMLA	1671489946945	0	False
1.0	Didn't last 24 hours.	"This seemed like a good idea when I bought it	 but within 4 hours there were little blue pieces of plastic all over the floor.  Within 24 hours	 I had to throw it away because my dog had chewed it beyond recognition.  Do not buy if you have an aggressive chewer."	[]	B07YJH6R9W	B07YJH6R9W	AG72MVUWR4ITGLSE2ZPGLHH7EONQ	1595982332012	0	True
5.0	Very handy	Very handy for elderly	[]	B002VWK11I	B0979WC2RQ	AH7OQ5FKIPZSBWTPMZOTZPTZUMGA	1542467328818	0	True
5.0	great treat bag	"Thought these were going to be paper bags	 but they were made of durable plastic and large size - great product - would highly recommend ----"	[]	B07HTBD6H5	B07HTBD6H5	AH3PEZHYNDWNTT4DFJMRGBSOMKYQ	1591055959317	0	True
5.0	Perfect for a Wedding	Beautiful!!!!	[]	B00SLUWHV6	B00SLUWHV6	AEEDV3JHTMYKZTAK6YUH2FPZVS7Q	1447476705000	0	True
4.0	I like that this thermometer also has the option to take ...	"I’ve never thought that forehead thermometers were very accurate. I like that this thermometer also has the option to take a temperature in the ear. I find that if I take 3-5 quick temperatures in different spots	 I can get an accurate temperature from the average. My children like this thermometer and it’s easy to get them to sit still for it. When I’m done	 they can take my temperature. It’s easy to work. The battery life is long."	[]	B0719PMPHY	B0719PMPHY	AGYFWU5DSCD33GOOPCGDQYSGIPSA	1526592017795	0	True
5.0	Gives a nice massage while cleaning back and legs.	"Massages and cleans back a legs nicely. Best with bar soap	 liquid kind of gets trapped."	[]	B08F7JJ3P2	B08F7JJ3P2	AH3JXHLYTKZ6TECDPAY6Z4KHDPWA	1600273271974	0	True
5.0	Sweet way to send tiny messages to a loved one	Great little gift idea	[]	B08RMZP4ZV	B08RMM3WD5	AGDWTZHMT3HHSIHBTQNYDORWPCHA	1649090754870	0	True
1.0	It hurt to sit on it it was returned	It was very painful to sit on. I have a very severe pinched nerve so I wound up getting their ultimate cushion after I returned many cushions!	[]	B01CKMP34S	B01CKMP406	AHMCOMCUZEW3FNKNFMUORU5VKO6Q	1639624750846	0	True
5.0	Great toothbrush	Item received on time great product works just as described highly recommended.	[]	B074Z74VCN	B074Z74VCN	AHPFEZLK6B44YUTJTMW6MKNKER7A	1508340302509	0	True
5.0	The Earth thanks you Barefoot Bamboo!!!	"I was skeptical about the re-usability of this product. This product may change the world. I was looking for organic Hemp paper towels (unavailable to buy	 shame on you US government) and came across this product.<br /><br />Not only is it made out of sustainable bamboo	 but it is organic!!! They should put that on the front of the package for environmentally concerned patrons. I will be proud to buy again when I run out of them. I have used them for a week and I have not even made a dent in the first roll	 and I would probably be replacing a regular paper towel roll by now	 cringing at the fact that 60 year old trees had to die and be harshly processed just so I could conveniently clean my bathroom."	[]	B01JQUCIF4	B01JQUCIF4	AHA5ITRREFZPSWUMBSKGIVQ3ERNA	1472833231000	3	True
5.0	Eliminates Weed Odor	"I smoke weed in my shed and this product works well with eliminating that particular odor.  My husband smokes a cigar.  The other night we were both outside smoking.  I sprayed a little bit on a towel	 which the nice fragrance smell covered up both the weed and the cigar smell.  The drawback is the size of the bottle it is so small and a bit pricey.<br />But I would purchase it again especially if you want to eliminate weed odor	 or cigar smoke."	[]	B08FMT45YS	B0C57QD38N	AE2MGWELPAAJU5PIWWCL5VOHZV7Q	1652674676986	7	True
5.0	Five Stars	"Great product	 works well."	[]	B01BUGU9JY	B01BUGU9JY	AFUWCTDGAAHT5RZVJJCTEM6STYTQ	1477363595000	0	True
4.0	It is a rechargeable power not electric power	"I enjoyed the product that's the very reason I came back to re-order it after 2 years. However	 it got changed from electric power to rechargeable power	 also the color changed from black to silver. To me	 it seems the electric powered unit has more power than the rechargeable one. A big disadvantage of rechargeable power unit is that you may not use it while it is in charge	 which is over 12 hours. Plus	 you don't know when it has been completely recharged. For me	 I charged it for about 20 hours initially	 and the indicator still stays orange	 which I assume it should turn to green after 16 hours. Of course the rechargeable unit will give you portable ability without an adapter	 while I seem don't care it too much."	[]	B00FB3DHTC	B00FB3DHTC	AFZWSEK4K7AZRCRBSOCQBOHRGXVA	1506454991300	0	True
4.0	Regulate your cycle!	"So we had been trying for 3 months when I started taking Cassava. My cycles were all over the place and I was looking for a natural way to balance myself and regulate my cycle so we could conceive sooner. The 3 months we were trying my cycles were 37	 46	 and 41 days long (all over the place). I had done research and discovered the cassava root is known to help naturally regulate a woman's cycle and increase the chances of having twins. I had little to no interest in having twins	 but I just really really wanted to have &#34;A&#34; baby. The two months of taking cassava root my periods regulated! Could be coincidence	 or could be Cassava	 may never know. My cycles went back to being their normal 34 days long	 and now two months later	 pregnant! If we find out it's more than one in there	 I will update!<br /><br />TIP: Only take Cassava root in the weeks you're ovulating	 waiting on ovulation	 and on your period. If you suspect your pregnant	 I recommend to stop taking them. So in other words	 stop taking after ovulation and until you get your next period (if you do!). The more research I did	 although the root is good for regulating your cycle and moving your eggs	 it has also been suspected to be linked to some miscarriages. One week	 I got a really bad migraine for a few days	 I stopped taking them for the time being. This illness was most likely unrelated	 but since this is not FDA approved and it could have been caused by them	 it was best to just stop for a few days. Keep in mind bad/expired/molded cassava root can cause cyanide poisoning. Not sure if this is in large doses	 or what	 but just keep in mind if you start showing symptoms similar to cyanide poisoning. Stop taking them and go to the ER. I chose this specific supplier based off this fact	 because they have a lot of good reviews	 testimonials	 multiple products	 and seemed the most &#34;legit&#34; out of all of them. Over all it is a natural product so I don't see how much harm it could really do to you. It seemed to work for us	 even if it was a placebo effect."	[]	B0083V7JT8	B0083V7JT8	AHSQOCIGTU5N5ARRDFEEETEY7IOQ	1473878587000	20	True
5.0	Great for crafts!	We used the burlap bags for the children at Valley Junior Police Academy camp to make their own tic tac games. They loved it!	[]	B07QLC3TNB	B07QLC3TNB	AECYWTN3BPJ4TCWOVLCLCCSZSJCA	1561653467491	1	True
5.0	Great product!	How did I live without this thing? Amazing product for the price. Use it daily!	[]	B07FFH5HWY	B07FFH5HWY	AFHZSYT6DYK3AHNIBI634P5LGL3Q	1558574172385	0	True
5.0	Great for older teethers	"Wonderful product	 esp for babies/toddlers with enough dexterity to hold the stick and the nubby teething end exactly where they want. Unlike the average teething ring (or other bulky shape)	 the stick design allows them to hit further back in the mouth	 which is great for budding molars. Great product."	[]	B00HSP47E0	B00HSP47E0	AEOYUBAF3A7BUDYPUIZARBHNNEXQ	1416378751000	0	True
4.0	Pretty good so far	"This stuff does alright at breaking down thermal paste for removal. I had to let the first liquid soak for a few minutes before wiping away. Took a few times to completely clean some parts. I use cotton swaps/pads	 micro fiber cloth and q-tips.<br /><br />There was liquid metal on my cpu/gpu which when ordering I chose a standard thermal paste not liquid metal. That being said I wasn’t able to completely clean the liquid metal off. By the end it felt smooth but still had a stain. I’ll give it another go just in case I messed up.<br /><br />The second bottle did good at giving my cpu/gpu a clean shine to them. Even considering the stained parts	 still gave a nice shine.<br /><br />After I clean my computer again I’ll update if I was able to get better results. I’ll try isopropyl as well in case that shows a difference in quality."	[]	B001JYQ9TM	B07N53M4RV	AHBNZUJGDTLQP6ES4U4P7KNOYOOQ	1586320755925	2	True
5.0	Boyfriend loves it	"Purchased this for my boyfriend and he loves it.  It has a pleasant taste and seems to make him feel better.  And if he feels better and doesn't whine	 that great for me."	[]	B005HFIJFQ	B005HFIJFQ	AHPPCTNL27CMXLUUQBK52O4AIF5Q	1382371741000	4	True
1.0	High expectations Low results...	"I cannot tell you how excited I was when I found this on Amazon. I have been searching for quite awhile for a daily moisturizer that met all of my requirements: Unscented	 SPF	 and all natural... Couldn't wait to receive this. Upon applying this to my face after the shower	 I looked like a ghost after only using two small pumps of the lotion. It was greasy and thick feeling. I proceeded to put a bit of powder over it and head out to my son's soccer game. I was outside for one hour in 65 degree weather.... I came inside and realized that I had a sunburn... I am not one to waste money so I proceeded to use it daily hoping that my skin would get used to it and it would magically work.... Two weeks later and I have been sunburnt 3 times. Fortunately Amazon was willing to work with me on this and return the item."	[]	B00KAD0QLU	B00KAD0QLU	AFD4MM4FAPJAFTT5NXOI43RZ2QOQ	1431484341000	7	True
4.0	Capsules	I love the product but those little capsules are impossible to break.  I have to take scissors to them to open and get the product out.	[]	B01LEII256	B01LEII256	AGJSLS52F23MFONV6L4AXQR2TXAA	1584198408540	1	True
5.0	good	good	[]	B01N2NHU8I	B01N2NHU8I	AHRGFAT4DB4ZLZGDL6CYL2QT4J4A	1485798374000	0	True
1.0	Not goodfor bursitis in elbow	"Turns out this elbow/heel pad is too big and bulky for my need.  I have bursitis -- swelling -- in my elbow	 caused by leaning on that elbow while using my computer.  This pad doesn't work for what ails me!"	[]	B00L3JYW5Q	B00L3JYW5Q	AGC3Z7XRRCRJOYHIXTM25BPQKMXA	1534255435510	1	True
3.0	Don't like the fragrance	"I love this Vitamin E Cream	 but don't like the fragrance."	[]	B01M5JP7TK	B01M5JP7TK	AESE5RQNUGEOZUJN5VJVXMTJ4ZXQ	1620973674993	1	True
5.0	great product	i was defiantly on the fence with this but i put it on and after the first 30 mins my beck felt better but u have to stick with it	[]	B07X3WR8WF	B07X3WR8WF	AE6QOY5TACKQYFDUQH622XC4DWBQ	1583663980696	0	True
2.0	"Great at first	 but quickly starts to fail."	"I was amazed the first few times I used this product. Unfortunately	 after less than a month of use	 it has started to be less efficient and the little balls on the end of the bristles are breaking.<br />Also	 it is very difficult to get the brush to power on and off at times."	[]	B01CQFXUW6	B01CQFXUW6	AFHVTACP45SMBLNUBMITXF3MYNPA	1484284366000	0	True
3.0	Measure carefully before you buy this!	"I really liked the idea of this	 but there was a few problems in the install process. The provided supply line leaked and the longer bolts were still not long enough due to cement board and tile thickness. In hindsight	 though we are tall people	 it turns out that 3 1/2"" higher is too high for us. Our toilet bowl height is 14 1/2"". Will probably end up installing a 16 1/2"" bowl height toilet. Perhaps if a 2-inch toilevator existed	 that would be perfect."	"[{'small_image_url': 'https://images-na.ssl-images-amazon.com/images/I/91bCpL-L5cL._SL256_.jpg'	 'medium_image_url': 'https://images-na.ssl-images-amazon.com/images/I/91bCpL-L5cL._SL800_.jpg'	 'large_image_url': 'https://images-na.ssl-images-amazon.com/images/I/91bCpL-L5cL._SL1600_.jpg'	 'attachment_type': 'IMAGE'}]"	B07XKVLVCP	B07XKVLVCP	AELNLNMJGDTCRVF3MM2KJI3IKTEA	1609530678386	3	True
5.0	Great product perfect for molding cakes and candylove it	Great product perfect for molding cakes and candy	[]	B08K2TRDQF	B08K2TRDQF	AHZYD25VEH3YNHOE5AX4PTLZ5BUQ	1618964026974	0	True
5.0	equivalent to its comletitors5	Good stuff! Will purchase more	[]	B07SKXXPMZ	B07WNKHYMY	AF4XWAQZI4ZMI2MHTCMDAVWTB5VA	1587264659621	0	True
5.0	Easily moved from one entry door to patio door or to the walk in shower.	My wife fell and broke her hip last month. We needed a way to get her in and out of the house using a wheel chair without causing her more discomfort trying to get over door thresholds. Easily moved from one entry door to patio door or to the walk in shower. Because this fit over the threshold of all of the doors in the house that had the approximate height of 4 inches we could use it for multiple entrances including the walk in shower. The anti slip coating was important feature especially for the shower. Easily put together right out of the box and the width was perfect for the width of her wheel chair. Strong and sturdy would recommend.	[]	B086YY2HVL	B086YY2HVL	AHUJFVTTIAVSYIXHYKB4CXYBNRNQ	1594313437850	7	True
4.0	Good quality	"Fits good	 nice clarity"	[]	B01KJ8TN3M	B0BTWKCMFJ	AHTSXS45NTGWFH7N7GEK7LOPRN6A	1540853027211	0	True
2.0	Two Stars	junky	[]	B009RQF4RM	B009RQF4RM	AGHRVNTFHHVB5U27KLVSBSWUQ4VQ	1439328180000	0	True
5.0	Ooh they hurt so good.	Great fit. Size 10.5 XL is perfect. Go up a size.<br />Reflexology in a sandal. Happy	[]	B07VV2VT5D	B07VV2VT5D	AFVIS4FAGYD7DD3XSTTMGTL6SMNA	1572908006448	1	True
5.0	Five Stars	Great product	[]	B074CHDYLC	B074CHDYLC	AFX3LJTMRVKCMMFOWZT67LDSSAHA	1522173563118	0	True
5.0	Back knots relief	Great device to get those back spasms and knots reduced & relief	[]	B0010B8CGM	B07SBKR2WY	AHASRX375PICSX36XF4XPZ536SUA	1581990320030	0	True
5.0	Good qualtiy for price	I use this product for work	[]	B01AS7P8KG	B0B8G78VZZ	AFWLNJF7RLRHXKUWTH3BWFIUVGTQ	1583650794236	0	True
5.0	AROMATHERAPY BLENDED OIL SET	"[[VIDEOID:790c9a69b1e9e0da1c97fe6f615f548]] [[VIDEOID:6080477645dcfabc2e61641293b27e7e]] The Vyver Essential Best 6 Aromatherapy Blends Set is the best set of aromatherapy blends I have tried.  The set comes with  Stress Relief	 Head Ease	 Health Shield	 Breathe	 Deep Muscle	 Good Night. These oil blends are wonderful.  I love to put Good Night in the diffuser by my bed at night. It really helps me get a good nights sleep.  Deep Muscle is good to rub into muscle aches. I mixed a few drops with some jojoba oil and put it into a roller ball and it works good.  Head ease works well for me when I place it on my temples.  It is nice and relaxing. I love to come home and put stress relief in my diffuser after a long hard day at work.  This is a really nice set and the first set I have seen with blended oils in it.<br /><br />Here is what you get in this set.<br />  Stress Relief - Decompress After A Long Day &amp; Keep Worries At Bay!<br />  Head Ease - Fight Off Headaches &amp; Migraines	 Naturally<br />  Health Shield - Fortify Your Immunity<br />  Breathe - Decongest Your Airways &amp; Find Relief From Respiratory Infections<br />  Deep Muscle - Stimulate Muscle Tissue Through Massaging	 Allay Pains &amp; Cramps<br />  Good Night - Ease Disturbances	 Bring About Restorative Sleep &amp; Sweet Dreams!<br /><br />Good Night and Stress Relief so far are my favorites.<br /><br />Disclaimer - I received this product at no cost in exchange for my honest opinion and review. No compensation was received for this review."	[]	B0190Q9ENI	B0190Q9ENI	AFFQQIQV5B3UE6YQC6OBUKWIS4LQ	1463922245000	31	False
4.0	"The seats in our Suburban are a little narrow	 ..."	"The seats in our Suburban are a little narrow	 and the swivel doesn't sit even. It's a little awkward but works."	[]	B01CUKS2E8	B01CUKS2E8	AE4X26AVDBLIYUOV6PTKAEVBBHZA	1477147151000	2	True
5.0	Five Stars	Just as expected	[]	B071499C5F	B071499C5F	AELWLQBMBYFVMHUERNHUOW4R4PCQ	1526870490687	0	True
5.0	great price	works well	[]	B08G1P7F9X	B08G1P7F9X	AGBYX4KP2ZORF6VWRY24AW6Y5BJQ	1624989007890	0	True
5.0	Five Stars	"Works well	 arrived in time"	[]	B000FI0HVO	B000FI0HVO	AFA7B7F2MGOMGFONJ5S6F4VNDL2A	1481243958000	0	True
5.0	"Quality protein	 great flavor	 no chalkiness!"	"This is my go-to protein on days when I work out. It doesn’t give me a stomach ache like a lot of proteins do	 is easy to drink	 and tastes great. I do find it to be pretty sweet	 so I tend to use extra liquid to cut the sweetness. Highly recommend!"	[]	B075WZ2NJJ	B075WZ2NJJ	AFKYJIW4YVFD2VGTHYZP3E7FJ7XQ	1566482305262	1	True
5.0	Five Stars	great to add to baths/especially to exfoliate the skin	[]	B004C7MTLA	B004C7MTLA	AFVSV5EVEHQWS7MPNAL4QTP7LVRQ	1457813179000	0	True
1.0	Complete trash	"I received this and used it a handful of times. The quality was very cheap. The drying power was garbage and within the 2nd week of use	 the whole blow dryer began smoking. Save your money- buy something else."	[]	B097B6T4ND	B097B6T4ND	AE2VNXX2AFIUICVZNO7ZU6YEMFIQ	1648662585715	1	True
1.0	not as described	There was no envelopes and the invitations were not worded as shown.  The invitations said to and not for. Very disappointed.	[]	B0847NVPV1	B0847NVPV1	AFICJIZ2DZMISOGYJL7RHLFCQ53Q	1583894558250	0	True
5.0	love this wonderful bottle with its fun drop dobber it ...	love this wonderful bottle with its fun drop dobber it comes with makes it simple and easy to use in other products since lemon oils has so many great uses I was truly happy to get this product as a promotion al item and I will use ever last drop of it. has a great sent to it but definitely not overwhelming at all.	[]	B00O92P0KU	B00O92P0KU	AHWNQTZRYOYDN4F4A2Y7QXYHSDJQ	1448343026000	0	False
5.0	Five Stars	Very good product.	[]	B0016BEPIA	B01M10VOTP	AHXS37QAWEDFHC2ZFWORSXCQHLGQ	1487128613000	1	True
1.0	Warning!! Magnesium Stearate included!!	I was so disappointed in this product.  Only when  I received it did I find out it has magnesium stearate and silicone dioxide as well as rice flour in it. I try to avoid products with magnesium stearate in them. Wouldn’t have purchased in the first place if complete ingredients list was disclosed in Amazon listing but alas this company isn’t all about truth as they like to portray. :(	"[{'small_image_url': 'https://images-na.ssl-images-amazon.com/images/I/71oqVAAQOYL._SL256_.jpg'	 'medium_image_url': 'https://images-na.ssl-images-amazon.com/images/I/71oqVAAQOYL._SL800_.jpg'	 'large_image_url': 'https://images-na.ssl-images-amazon.com/images/I/71oqVAAQOYL.jpg'	 'attachment_type': 'IMAGE'}]"	B01FL9DFR4	B01FL9DFR4	AEKX7B5V4USYNZGLCWR43XRSTB4A	1512589348150	26	True
5.0	"This worked great	 but after reading up on what causes the ..."	"This worked great	 but after reading up on what causes the foul musty smell coming out of my trucks A/C when it first started up	 I remembered I had a partial can of Mold Medic Fogger that I used on an area of my RV that had a leak and mold had growing causing a corner of my RV to have a foul smell.  I liked the results so I introduced the remainder of the can in my trucks ducts the same way the &#34;Clean Air&#34; directions advised me to do with their product.  Since &#34;Clean Air&#34; does not &#34;kill&#34; the mold in the A/C	 I decided to give my idea a try.  I treated the truck A/C ducts and evaporator with the Mold Medic Fogger and let it work for a day (I sprayed it in the vents and air intakes inside and out).  Smell gone!  But	 for a back up and freshener	 I used and followed the directions on the &#34;Clean Air&#34; as well.  It's a pleasure to start my truck's A/C now.  Both products are available from Amazon."	[]	B002IS5BD8	B002IS5BD8	AF3VSTLO4QPRMQ4C7ZI6KMIIAQKQ	1423441682000	1	True
5.0	Excellent oils	"I am using my Radha Rosemary oil right now;  it is the best	 purest and superb aromatic qualities! I have purchased many other oils and none stand up to the quality of Radha	 I have several	other Radha oils and I feel confident their quality stands up across all products."	[]	B00O92P0KU	B00O92P0KU	AGPITZICSQFZXSIPB3IHKKWEY3OA	1457799384000	0	True
5.0	Five Stars	Good ones!	[]	B0787C4NWF	B0C26471T8	AGBOZ57AABQC5YLAE55FL2PTYCUA	1526740438589	0	True
5.0	Five Stars	Love this stuff!	[]	B00MH7G8GO	B00MH7G8GO	AE7DU37KKNKLTMBYFBN722QEWLTQ	1469392150000	0	True
4.0	Nice bsnger	Pretty nice bangers ft good	"[{'small_image_url': 'https://images-na.ssl-images-amazon.com/images/I/518DmdKGFKL._SL256_.jpg'	 'medium_image_url': 'https://images-na.ssl-images-amazon.com/images/I/518DmdKGFKL._SL800_.jpg'	 'large_image_url': 'https://images-na.ssl-images-amazon.com/images/I/518DmdKGFKL._SL1600_.jpg'	 'attachment_type': 'IMAGE'}]"	B07LG9LSKM	B07LG9LSKM	AFCHNOSTRUM5KKPNP2J7V3OGBH5Q	1625022870292	0	True
5.0	On time delivery.	Made venison Slim Jim’s	[]	B00HFERF1G	B00HFERF1G	AEMXXCKUG6QFN7NJRBMRWFPTKOMA	1615086005729	1	True
2.0	I would not suggest	Poor quality... the foil baloons deflated so quick . Could not keep air in them. Cheap decoration	[]	B08GC73GXF	B08GC73GXF	AG5MVIPCDDAT25JI4REFHCUMH3TQ	1604091693064	0	True
5.0	Game changer (if your game is candles)	A bunch of my friends bought these as stocking stuffers after seeing the one at my house. It reaches into big candles and the battery life is insane.	[]	B07L1NHWMX	B07L1NHWMX	AG76EFBHFBWXDDYKA74K7XMYLYLQ	1577950295903	0	True
5.0	Worth the few dollars	Sleek and cute! Worth the money!	[]	B00RTFT08W	B00RTFT08W	AETXOVJI6LWOTDYTPK6CONUJWTBQ	1521684317758	0	True
3.0	Not the best but works	"It's a decent table but I had to really tighten it so the top wouldn't tilt and spill food everywhere. I mean really really tighten it. My small cat put his paws on it and I thought it would fall to the side with just that small pressure. It would be nice if there was a sturdy lock to the top. It was also not very easy to assemble alone. Not hard	 but could have used a second set of hands."	[]	B07T34Q7G5	B07T34Q7G5	AFU7XERAH2EPUW4AQ4GBSB27ITVA	1567773227188	3	True
1.0	Producto de baja calidad	[[VIDEOID:319ef6578cb7037270adbf35b5cff9b3]] Producto de baja calidad	[]	B08D3LCRHC	B08D3LCRHC	AECZ4QDWRXMOZJTT7ICEXCR477TQ	1611117165607	0	True
5.0	Cute! Fits perfect	Super cute design and fits perfectly on my 5.5 year old.	[]	B08R3GVYFF	B08R3GVYFF	AGAPI457VSE4JXD7LQRS5RDVDPWA	1643431806470	0	True
2.0	Horrible	Not Sturdy AT ALL!  Would not buy them again	[]	B074H86SBW	B074H86SBW	AF4PDDHWBPNJXWRXMCU246NKSHTQ	1584226613920	0	True
3.0	need an angle.	"My kids really enjoy these	 they love picking which one to use every night	 I think they are okay	 it would be easier to use them if the had an angle that allowed for better reach to back teeth	 like the crest ones I used to be able to purchase on amazon. Not sure that I will purchase them again	 but I do have a few bags to go through	 and I will finish them."	[]	B001J8SL3A	B001J8SL3A	AFOO2YMZHVPN6PTHF3PTQOWHNJJA	1375110514000	0	True
5.0	Speedy delivery	Arrived quickly. Great scent. Lite and citric. The spray sprits is a bit on the week side for a Scentsy Product as Ive had many but Im ok as long as it works.	[]	B06XKDM3QP	B06XKDM3QP	AGTAHEDI7JIFCNQ5OT57UJBBIPEQ	1590784937932	0	True
5.0	Love the size!	"This ice bag has a large opening that fits around the ice dispenser on my fridge	 makes it so easy to fill!  It holds a lot of ice	 if that's what you need.  Also makes it easy to empty.  Good and cold	 too!<br />I have not tried it with warm water	 but it is stated in the instructions that this is a possible use for this ice bag.<br />The material appears to be one that will not crack and disintegrate with time.<br />I thought the $11.00 price was acceptable."	[]	B07Y9YBFKS	B07Y9YBFKS	AHYSFTLODEKVPFOGLW3UQCY4T6RQ	1590778342562	2	True
5.0	Five Stars	"Great product	 quick shipping.  Highly satisfied."	[]	B00U7OJRDA	B00U7OJRDA	AGT33YFTTOIHWZVFHIA2YKUMP5XA	1445975272000	0	True
5.0	It work!	"Will save some money maintaining fresh the veg in the fridge	 go for it !"	[]	B00OM60CTM	B00OM60CTM	AHZNMJDQAYXPXEQFQWNMJN43LRIQ	1601739764552	0	True
5.0	Moldavite Crystal	This is by far my most favorite crystal that I've ever owned. I've purchased others as well at my local mineral & gems store. This is a very powerful gemstone that has had dramatic effects on my life in a very positive way. This gem definitely needs to be used with others to help ground it. Great seller & fast shipping.	[]	B00462MQC8	B00462MQC8	AFB3QEP4KUTAWIB52NP3MU6MTUTA	1367797353000	6	True
4.0	it works great!!	it works great!!	[]	B07L7CZ1Q9	B07L7CZ1Q9	AHFML2LHVKEKLFASLURXA7EHDMLA	1580668976797	1	True
1.0	Waste of change	Dont pull hair out. Cuts it instead	[]	B07P1RCV2X	B07P1RCV2X	AGDSTFIBJLXW7JRVVI5FQMEZGHHA	1578088802340	0	True
5.0	It Works	"Wife packed meat incorrectly then placed in plastic bag with ice<br /><br />It melted of course. Blood on truck cab carpet and under plastic runners. During High Desert Heat. Tried 4 things while waiting for delivery	 nothing worked. This product did first time. 👍🏼👍🏼👍🏼👍🏼<br />How do I get smell out of my nose now. UUUGGGHHH"	[]	B092G3XKSY	B0C57QD38N	AE6MDTDACNVBW4WBQHO3FBBT5EIA	1658716608000	2	True
1.0	NOT PURE LEMONGRASS OIL	"There is a plastic/chemical smell in this lemongrass. Will not buy again	 it's barely usable in a diffuser because the scent of plastic is so strong."	[]	B00ROPI98E	B00ROPI98E	AF5FIOCDTHXZELYSNHX4KH6R7XXQ	1488574545000	0	True
1.0	Tastes funny & made in China	"Tastes funny	 did not like them	 & threw them out. Also	 I prefer not to buy supplements that are made in China	 this product mentioned it very small on the package."	[]	B08SG7K4NC	B08SG7K4NC	AEIMHAHJA5I5MW642OA3KJ7JEKGA	1619145942602	0	True
5.0	Cleans your hard lenses  in as little as 6 hours	It works and the bottle last a while.	[]	B00005Q50D	B08KBQNDJC	AGECOAR2SXKQXWIEJXK5Z7SDHGXA	1654406280266	0	True
5.0	Relief immediately	Does what it promises ir will do	[]	B00CZDMLZM	B07G4FNLB5	AEBGXYRDYV4YB5IX2IFJ7NTOSD5A	1581990604806	0	True
2.0	My daughter is 5 and has fine thin hair that gets very tangled	"My daughter is 5 and has fine thin hair that gets very tangled.  I had been using a generic version of &#34;No More Tangles&#34;. I tried this b/c it is a natural product and we like the conditioner by CA Baby. Unfortunately	 this product doesn't help get the tangles out so well and it leaves her hair sort of dry and sticky.  It's really pricey and I won't buy it again."	[]	B0006BDTC4	B0006BDTC4	AGHEJQEWWCQ3UNP5RZC7IELLL4WQ	1406218747000	0	True
5.0	Five Stars	great price / great produce and normally i cant even find them at home depot.	[]	B076T3F9DL	B076T3F9DL	AHZK7ZZJX4TJIS6VPFG3ULZIT3AA	1524676986566	0	True
5.0	Very nice set. You just need a very small amount	Very nice set.  You just need a very small amount.  As described.	[]	B01M4LJDTT	B01M4LJDTT	AGSBCY2OZZBS75MT54HKGA7F5VQQ	1510287066911	0	True
5.0	no more aches and pains!	"This supplement is AMAZING for post-workout woes! It helps to repair	 rehydrate	 and restore damaged joints. It acts like a pain reliever for those sore hours after some serious workout time	 OR just when you're feeling a little achy and sore. This does have eggshell membrane in it	 so make sure if you are pregnant/nursing that you can take these before you start. I paired this with taking the FlexProMD BEFORE my workouts and taking the FlexProES AFTER. Works like a dream. The packaging is easy to read and there is an information packet inside the box that helps you understand all the benefits to taking this awesome supplement. **I have received this product for free/ or discounted price for testing purposes and also to write an honest review. I have received no instruction	 and the opinions expressed are my own."	"[{'small_image_url': 'https://images-na.ssl-images-amazon.com/images/I/71LNSqKr55L._SL256_.jpg'	 'medium_image_url': 'https://images-na.ssl-images-amazon.com/images/I/71LNSqKr55L._SL800_.jpg'	 'large_image_url': 'https://images-na.ssl-images-amazon.com/images/I/71LNSqKr55L.jpg'	 'attachment_type': 'IMAGE'}]"	B01848SAJM	B01848SAJM	AE64TUGGLJAXVCYEJB3RTHEOPIXA	1457809041000	10	False
5.0	Just what I needed.	Just what I needed.  Fits perfectly in my Clarinet case.	[]	B06XJK6MKR	B06XJK6MKR	AESVFN67IDLTGZUQEMSPJAESH3KA	1510771088832	0	True
5.0	They are bigger than I needed but great	I did not realize the size of t he slots was so large--better large than too small. Works great.	[]	B07SXG1Y59	B07SXG1Y59	AH4OO7RBBXCQ6DSFIAIGTR4QJWYA	1614198924734	0	True
5.0	"Love	 love	 love!"	I have two of these at home. Have them for almost a year and there's still working. I don't like the smell of the natural oils so decided to try with perfume oils. I wasn't sure if it will work with the perfume on else but it does and it does very well. I use it on the regular base and I love it. I also bought it as a gift for a friend of mine and she's in love with it.	[]	B00L6Z7UFQ	B00L6Z7UFQ	AHSQSHPQ2NPUU6TVFF2AAAULUR6Q	1424960027000	3	True
5.0	Fantastic Product!!	Both rolls of 500 blue stickers work perfectly and provide excellent warnings for everything I and those around need for rectal only products. Thanks so much!	[]	B001V9SVMI	B001V9SVMI	AGL6IQANSKKC4QIXP25ALZSTXFRA	1391720676000	6	True
5.0	This thing is awesome	"Cleans any burnt	 stuck on food from any pot or pan. Works great on cast iron. Hasn't worn away the seasoning."	[]	B07FKSVDJ8	B07FKSVDJ8	AEDIRETC37AZ7PNL5KPUXEJUUKHA	1582086599483	0	True
4.0	A great gift	These work great! Gets the job done. They don’t stick. Perfect.	[]	B078J1W7M8	B078J1W7M8	AGQGQOOBYTXM2QDF2KFQLW6EOQ5Q	1580494043137	0	True
5.0	Great Product for protecting elbow.	"Works great	 but wish it came in a smaller size."	[]	B00L3JYW5Q	B00L3JYW5Q	AEOKPC7RLJRLXAFNFYZVP37SDXZA	1503200805282	0	True
5.0	Great product!	Nice and compact!	[]	B07TLBY17J	B07TLBY17J	AH2HSOC6DASJNBM4O3T7J44ZYVJQ	1590352857386	0	True
5.0	How to look Super Cool on vacation!	"Perfect fit	 super cool style and a sunglass/bifocal in one. Bought these for vacation and wore them non-stop. Even when inside	 you are able to use them as reading glasses. I love them!"	[]	B07TNH4D27	B07TNH4D27	AFR7S4ETZKUF5D56HCDODXDNKFQQ	1566787453240	1	True
5.0	Solves Controller Drifting	Used this product to clean my controllers. It took away the drifting! Saved me from buying another set.	[]	B01LXIJEYQ	B01LXIJEYQ	AGRFPMD5ZI7KY3IJ36K7SAKFWCJQ	1646739807841	0	True
4.0	Four Stars	Loved it	[]	B0058NEZ4Q	B0058NEZ4Q	AEIU5IK3DB2PSKTU4FQZJBWCUJMA	1425802539000	0	True
5.0	Great Blanket	"Great blanket gets the job done	 not the most comfortable but if you’re looking for a cheap blanket this is your one."	[]	B07D5KWR2V	B07D5KWR2V	AEXACNX4XFRSQXNUQBWRRROV6ZBA	1565746792591	0	True
1.0	Mint (?!) in pads for delicate skin areas not a good idea	Mint is a terrible idea for private area.	[]	B07RBYY3SL	B09KY2J592	AEYUESPSY4EJ7AQMSI4GGGU7JF3Q	1627853312873	8	True
5.0	Good product	Nice colors. Good price. I used them to make little hot air balloons for a baby shower. Came out amazing!	"[{'small_image_url': 'https://images-na.ssl-images-amazon.com/images/I/61BV+rwY45L._SL256_.jpg'	 'medium_image_url': 'https://images-na.ssl-images-amazon.com/images/I/61BV+rwY45L._SL800_.jpg'	 'large_image_url': 'https://images-na.ssl-images-amazon.com/images/I/61BV+rwY45L._SL1600_.jpg'	 'attachment_type': 'IMAGE'}]"	B01JVDQWKI	B01JVDQWKI	AEZXMYCQHPM3FTH353WR3MADUSZA	1511623928282	7	True
4.0	An interesting complement to probiotics	"I was skeptical	 but it has a surprisingly strong effect on my guts (for the better	 luckily!) It does seem accurate to call it a &#34;prebiotic&#34; in that I feel better if I have it at the same time I take or eat some probiotics."	[]	B01CTCATS4	B01CTCATS4	AECTN7RJLGM34R4YUVHUODTYPDBQ	1525298806486	1	True
5.0	Covers entire face including underneath the chin	Great quality and comfort	[]	B08BDG1H4R	B08BQZHB9D	AEMZAJWX66TJ5DGPBLKHVHG4FTVA	1612982775048	0	True
1.0	Didn’t come with the cowboy boot ones and weren’t what I expected.	They’re just stickers that you put the stick in the middle and we didn’t get the cowboy boot ones.	[]	B01FUXLQIG	B01FUXL118	AHEE4K7ZPBBJJRC2I6NH2HTWSE2Q	1661709532574	0	True
4.0	Easy to use	"Bought it for husband after reading so many reviews here. Easy to use	 and we use rechargeable batteries and it works fine."	[]	B01FR4Y3V0	B01FR4Y3V0	AFPSGE4JANETTXZAW6T4F4PP6HXQ	1481417459000	0	True
5.0	Works for great for pain	Many in my family use these patches faithfully for  for pain. Everyone  in the family believe they work. My Husband wears one on each wrist to relieve carpal tunnel because surgery is not an option.	[]	B01ET1OE70	B01ET1OE70	AGBT3OGAHFU6CEQRG2IL5ZXE6PZQ	1608781300627	2	True
5.0	"Love it! it""s very dependable!!"	Loved it!! I bought it for my priest and he is now very independent and is able to go grocery shopping and<br />goes to visit friends and neighbors which before he could'nt because he would get tired with the previous<br />one he had because it was too low.	[]	B08VW76HJ1	B08VW76HJ1	AHRYFZ5EGPZPSAEQDWK6UW5KOB5A	1639086213321	0	False
5.0	fortunately it works very well	"Unfortunately I have to use this often	 fortunately it works very well."	[]	B004ESDIKI	B004ESDIKI	AE7J7NHJIUMPPVNVR7CB3DIUG64Q	1442453308000	0	True
5.0	Five Stars	great !!	[]	B00JJOBJU8	B00JJOBJU8	AEJSJT3OSN3RSBYW3NHZFSOVFXBA	1502052968552	1	True
5.0	Perfect for braces	"I have two teens in braces and flossing is one thing they both dislike doing. This definitely helps in that category. It's easy enough they can use it unsupervised	 and helps get rid of food that bushing can't reach. Highly recommend for anyone with braces. It comes with extra heads and a travel bag. It also holds its charge pretty well	 we haven't had to charge it yet and we are going on 1 week."	"[{'small_image_url': 'https://m.media-amazon.com/images/I/71dS1DDiuLL._SL256_.jpg'	 'medium_image_url': 'https://m.media-amazon.com/images/I/71dS1DDiuLL._SL800_.jpg'	 'large_image_url': 'https://m.media-amazon.com/images/I/71dS1DDiuLL._SL1600_.jpg'	 'attachment_type': 'IMAGE'}	 {'small_image_url': 'https://m.media-amazon.com/images/I/817mpw1PUwL._SL256_.jpg'	 'medium_image_url': 'https://m.media-amazon.com/images/I/817mpw1PUwL._SL800_.jpg'	 'large_image_url': 'https://m.media-amazon.com/images/I/817mpw1PUwL._SL1600_.jpg'	 'attachment_type': 'IMAGE'}]"	B09CY99CNV	B09CY99CNV	AFKGTCHGW3CSRQL64F3WOOYFMUAQ	1636051409374	0	True
5.0	Five Stars	Works the first time! My cats are no longer sharpening their claws on my furniture!!!	[]	B0714HKV2V	B0CCWPQL6X	AHIXNCHCFFX3R4NKQJMRNEH67UKQ	1522764448422	0	True
5.0	Product is just as described. I was fearful that ...	Product is just as described.  I was fearful that the salt might leak through the fabric cover but it doesn't.  Heats up in the oven rather quickly and holds the heat for a long time.	[]	B01CDBNY38	B01CDBNY38	AFYYKVODMV33S7QA2KA7QQW6AYFQ	1484437972000	1	True
5.0	Good quality and length	Perfect for party decor and holidays (4th of July). Nice quality. Very long.	[]	B01K49BLYK	B01K49BLYK	AH3UHNLJ6JRD3ZJACLH6MTUR4YJQ	1502512446263	0	True
5.0	Not quite like the original but close	Not quite like the original but close. Good for the price.	[]	B00TCG7YH0	B00TCG7YH0	AEX47OKPMXAYJYYLQHEAIUUOCV7A	1500491985349	2	True
1.0	Poor holding power	"I have ordered 4 of this type vacuum grab bars	 the first two were sold as I each and the first one I opened was screwed up by the packaging in that the vacuum part had been made ""out of round"" so didn't fit flat to the surface. Returned that one for credit and found that the second one works pretty well.  Needing more	 I ordered this 2 pack but find that they also do not work as advertised and could not be trusted by someone needing help to get in or out of a bathtub."	[]	B07PTBSPL4	B07PTBSPL4	AGML36ZFR2NS4EXK77CMKH4KW77Q	1562006505990	0	True
5.0	They Really Clean with Ease.	I used one of these sponges to clean a couple of skewers that my spouse said was impossible to clean without a lot of elbow grease. They had collected baked in grease over the years and were black. Inside of 5 minutes I cleaned 98% of the grease from the skewers and they look almost as good as new. I was very surprised and was very pleased with the results. I plan to use these to clean my grill grates and will be extremely happy if they get rid of half of the baked in grease. Looking forward to this project that will be done when weather cools down.	[]	B00BR1FSU8	B00BR1FSU8	AH4FSSEBV5HBOTXNXOX7AECXEP3Q	1562541281845	0	True
4.0	Great to Have On Hand	"Nasal sprays	 like this	 are great to have on hand	 especially in the cold	 dry air. It's easy to use and instantly moisturizes the nostrils. I am glad to report that while the listing says it is for a pack of 72	 I only received one. There's no way I could use all 72 bottles before they expire!"	[]	B00LTM7GSC	B00LTM7GSC	AHV6QCNBJNSGLATP56JAWJ3C4G2A	1552004024321	0	False
5.0	Happy customer… works!	In all honesty I was a tad bit skeptical but decided to go ahead and try out this product and have not looked back since. I was so worried I was going to be bald but after several months I have seen an amazing turn around and now have more hair than I had in high school. I couldn’t be happier and recommend this product to anyone who needs a little (or a lot) of help with their hair situation.	[]	B00FZIUHL4	B00FZIUHL4	AHAB6MA5BKB4LNELRDFIAQD62WZQ	1431226415000	0	False
3.0	Slightly different from stock photo	Well the back doesn't match the picture. It's just plain straps without O rings or studs. I could always add something to jazz it up from that side. It fits well and looks cool regardless for the cheap price. Should be cool to wear over outfits as well.	"[{'small_image_url': 'https://images-na.ssl-images-amazon.com/images/I/71MZawNMPSL._SL256_.jpg'	 'medium_image_url': 'https://images-na.ssl-images-amazon.com/images/I/71MZawNMPSL._SL800_.jpg'	 'large_image_url': 'https://images-na.ssl-images-amazon.com/images/I/71MZawNMPSL.jpg'	 'attachment_type': 'IMAGE'}	 {'small_image_url': 'https://images-na.ssl-images-amazon.com/images/I/71Mn0mWEN4L._SL256_.jpg'	 'medium_image_url': 'https://images-na.ssl-images-amazon.com/images/I/71Mn0mWEN4L._SL800_.jpg'	 'large_image_url': 'https://images-na.ssl-images-amazon.com/images/I/71Mn0mWEN4L.jpg'	 'attachment_type': 'IMAGE'}]"	B074P5FBGD	B074P5FBGD	AGMJMM5GMFFHHW6ZJTVJMHYYWFLA	1525302419810	3	True
5.0	Five Stars	"work as good as brand	 this is my second purchase of this product"	[]	B003EN42OK	B0C71W41C5	AEQRPJJXIQPGWGWU2EGUC4GZW3PA	1418092707000	0	True
2.0	Two Stars	Made me sick.	[]	B00KQXLGV8	B00KQXLGV8	AG4KP2RGME5LLH44J6PR2PORFXYQ	1447795141000	0	True
5.0	great quality at a good price	"This tea definitely gives me energy. I did also buy another Korean 6 year root in tablet form which is without sugar	 I can therefore taste the difference and this tea unfortunately does seem to contain sugar. The quality is very good and the price is reasonable	 therefore I give it 5 stars	 even though I would prefer sugar free."	[]	B01N6TLPOH	B01N6TLPOH	AEWAISBCGXCOUI4ASMEBIR4P4RFQ	1584948548177	2	True
5.0	"As expected	 came on time"	As expected	[]	B07HSF5HTX	B0BSRPX53Z	AFIOINIKUNHDU2RYPIJKAWYQIRFA	1557282730088	0	True
5.0	"These are outstanding bath bombs: generously-sized	 effervescent and ..."	"These are outstanding bath bombs: generously-sized	 effervescent and highly aromatic with a zesty	 spicy citrus fragrance that lasts the entire length of the bath."	[]	B01D24EI12	B01D24EI12	AEBVDNXHKZ2IM4UWSHRJSIYHRIKA	1474128781000	0	False
5.0	"The product tastes descent	 and there is a noticeable ..."	"The product tastes descent	 and there is a noticeable difference in energy levels within a week	 especially in the morning since I am not a morning person."	[]	B00DH2Q7WS	B00DH2Q7WS	AF6QL3ZCWEG56Y2ZGJUQIXUC5ENA	1472577296000	23	True
5.0	Finally!	I’ve been dealing with adrenal fatigue for what feels like years.  I’m finally feeling some progress toward healing with this supplement!!  Thank you!!!!	[]	B0756L8HY6	B0756L8HY6	AFB5JF424KRUWEUAZIAUIUH77HJQ	1533740414603	0	False
1.0	Don’t do it	Terrible hot mess	[]	B08V236V6J	B08V236V6J	AGHR6TUEDD7KDCCWEC46TEPYBDYA	1625205141895	3	True
5.0	Works great on sensitive skin.	Smells great and is the only fabric softener that doesn't make me itch.	[]	B00O33FU0A	B00O33FU0A	AEPIXFHLIHCXRZAP2VZNCNSMTLXA	1473170219000	0	True
4.0	"Booty	 energy	 and more!!!!! Love it!!!!!!!"	"So I ordered this product after reading all the reviews. First I want to say it taste sweet and gross to me. Second	 it has made my cycle consistent again. Third	 it has given me a biggggg nice booty that sits up so nice!!!!!!!!!!!!! I wasn’t in need of curves but this definitely did it. Fourth	 my appetite was increased so you have to eat right and work out a little more that normal but I have more energy and my body is to die for. Thank you thank you	 I hope this helps others that are skeptical."	[]	B00OM9OYYI	B00OM9OYYI	AHLC55DC5CYLJ6TSWV637PA7F2CQ	1615390981632	1	True
5.0	Where have you been all my cpap life?	I am a cpap user and need a cervical collar to keep my jaw/mouth closed while I sleep. The collar's material is somewhat rough to the skin. Like a sock or cordurouy. This cover sleep is awesome! So smooth and soft. I wish I had found it earlier!<br /><br />I'm about to by two more to rotate through the laundry.	[]	B08G13NL4Q	B08G191MRM	AFVKJS4JKT4ULB2HDCZ7R2QPSH3Q	1674177322719	1	True
2.0	Too tight!	They helped relieve the pain in my husband heel from the bone spurs that he has. But they cut into his skin. They were too tight. He had to stop wear them because he had cuts and bruises on both feet.	[]	B085BTM37M	B085BTM37M	AGNMTZ5VYIKLQF3WUMQWNGVQD46Q	1593458733152	3	True
4.0	Good	I need it for Saturday and when I purchased it I thought I would receive it Saturday but after I ordered it it changed to Sunday and I got it on Sunday but other then that I like it.	[]	B08YR2Q3LC	B08YR2Q3LC	AFDGQ5AYYEV7QPY3VEK7PHOLWHKQ	1627346428624	0	True
1.0	Horrible product	I did not like one thing about this product	[]	B08RYLP5ZT	B08RYLP5ZT	AE44KGMM5XMZOY5KQX6MJXPGR5ZA	1628593895010	0	True
2.0	Not the best.	Didn’t smell like I thought they would and no one could even tell I was using them.  Scent wasn’t strong enough and didn’t last.  I wouldn’t buy again.	[]	B01N0KYYWQ	B01N0KYYWQ	AFO5M3COKCTRKOOBOBDWFBIX5ZUQ	1579313495472	0	True
1.0	It’s a window dirtier	"Quite possibly the WORST purchase I’ve ever made. And I say that with the utmost of respect to the previous worst purchase I had made. In fact	 I owe my last worst purchase a deep	 heartfelt apology. Had I known there would be a purchase so brutally bad as this one	 I’d have saved you not only from my verbal venom but also the dirty depths of my trash barrel.<br /><br />Save your money	 folks...trust me...IT DOESN’T CLEAN AT ALL."	[]	B08BXXW9TM	B08BXXW9TM	AGCD6YCNJM6Y3SP4VDQTXQ5WZHZQ	1597696706997	3	True
1.0	Doesn't taste very good. And I'm a peanut butter fan and white ...	"Doesn't taste very good. And I'm a peanut butter fan and white chocolate fan	 so that speaks volumes about this one."	[]	B00B99OJ26	B00B99OJ26	AGXK627VLQDN3VRZE4GMRGBWUITQ	1446325293000	0	True
4.0	Nice!	These work just fine - only sorry they can only be used for 8 hours.	[]	B010HKI4HS	B010HKI4HS	AGJJ6HADCGKBTGFE2KDAMWAS644Q	1482092203000	0	True
4.0	Four Stars	ok I decided to make it myself	[]	B00TPVN0VG	B00TPVN0VG	AGM5QTNFHALZLHCIHLBBEWPLIFYA	1487960247000	0	True
5.0	Five Stars	Great Product!	[]	B00QR3SLFK	B00QR3SLFK	AGC6L5GIF2MT4YBLWHYUIKMXSLRA	1430266992000	2	True
3.0	Dont feel like original quality	"Too stiff brush	 unlike super soft onese bought in th. past"	[]	B01MQ4IB9Y	B01MQ4IB9Y	AFECXEFQFLTCNHRWGA2GE7ACECVA	1662916765930	0	True
5.0	100% recomendado	Excelente producto	[]	B00BR1FSU8	B00BR1FSU8	AFAR3D2JW32LFRVBMYQIGKGJWGKQ	1562872253843	0	True
1.0	Could not read	Couldn't read so I sent it back.	[]	B072PP8S3W	B072PP8S3W	AE5NSWHZKMUNFGQNVLNURQLYBVYQ	1646843931008	0	True
5.0	Works well	Great	[]	B07DD4QD8Y	B07DD4QD8Y	AFFLOHEWNAKA5XYS5CJXN7U3ZZSA	1582557719197	0	True
3.0	This scale doesn't seem to stay at zero between uses ...	"This scale doesn't seem to stay at zero between uses. unfortunately	 I will think I lost 5 pounds just to find out the zero marker has been moved to -5"	[]	B0014JVJQK	B0014JVJQK	AFWIKGXNKK5FISNCJURJFUSNMYPA	1511374958853	0	True
5.0	so nice I ordered twice	just ordering another one for a gift.	[]	B00IIVB8Q8	B00IIVB8Q8	AFVT5ZQJ4P7EPGLUXSD7B2H3HWMA	1406017723000	0	True
5.0	Very Helpful	Makes changing shoes after golf a lot easier. I recommend this to everyone who struggles to bend over.	[]	B00T6NJGAW	B07K8G552L	AEW376ONU3IEH5MJWUF4N727RJAA	1532986672266	0	True
5.0	Five Stars	Very well made and easily adjustable	[]	B00083DFOW	B0027A8QUC	AGRER3CK5V5FDHYIJ4O6FWI6APUA	1520986776800	0	True
1.0	Case is IMPOSSIBLE to open	I can't speak on the quality of the grooming utensils included inside because I couldn't even get the case open. So I have to give this item 1 star due to me not even being able to get to the utensils. Extremely frustrating.	[]	B07D3P9DR6	B07D3P9DR6	AH6DWW2SJ363AI53XOLHAHZYNFOQ	1538347615454	0	True
5.0	Annoyingly helpful	"This cute little gadget has helped my hydration immensely. It flashes 12 times a day to remind me to hydrate	 and I estimate my hydration has tripled since I bought it."	[]	B07G2C1T69	B07C8D64F1	AFLEDPDQTPCNWN27OEE2D33YGCSA	1670054238015	1	True
5.0	Rubber Ducky You’re the One	"Exactly what I was looking for	 fast shipment"	[]	B07NGRXXNB	B07NGRXXNB	AHEVWPBNV5XQ4OYVC2JZD5OSAKSA	1576011534449	0	True
5.0	Great purchase if you want glitter and glam!	This foil fringe was the best. We did a Hollywood theme promotion ceremony and used the fringe for the door entrance. The students and parents loved it. It doubled as a photo backdrop. It is very sturdy and was glamorous and went perfectly with the theme. Great purchade that we can use again!	[]	B07D7HHS2H	B07D7HHS2H	AFP5XRMCNGO2QDPAWTYLOQL6BIJA	1559261173465	0	True
5.0	Good product	Pet hair	[]	B07RRRKXPS	B07RRRKXPS	AFGYIJ4HQS2DENLCFG4PR6WEF22Q	1583881891939	0	False
1.0	Do not buy!	"I did not like this at all. I wonder if the reviews are all paid to leave a good review. First use and the loofa started loosing pieces. I'm worried it will clog my drain. Not what I had in mind	 I have used some before that would not fall apart this easy."	[]	B07QXHDDVK	B07QXHDDVK	AH55BJCLFJZ5V7IPIB3HATFRNW4Q	1568612183183	7	True
5.0	Would def buy again and recommend.	This works really well! Eliminates any odor! Would def buy again and recommend.	[]	B00478UIB2	B072NHL9JQ	AEOZH7OF7LXUTLRQVY4UBKDNR3XQ	1460247718000	1	True
2.0	Terrible product.	Was delivered on time but doesn't apply makeup very well. I would honestly prefer my brushes over this any day.	[]	B01N2TN98U	B01N2TN98U	AEESYW7GG6QBEJCJQVKDHBMQF7QA	1498495313796	0	True
4.0	Four Stars	Excellent product	[]	B00XQBHJOU	B0C1HHXQ94	AEEKY5KANUK5MDW7UHVCPSHBLINQ	1481491229000	0	True
4.0	Good product	The built in comb is a nice feature. Needs to be taller.	[]	B074RXXP2V	B074RXXP2V	AEKF6Q2MHXO4XQKOQUYPPGLVKXNA	1515604190023	0	True
3.0	El sabor no es muy agradable	El sabor	[]	B09QRB7G5J	B09QRB7G5J	AG5BHF6K2R3XMSUJ4BC7FKCFTP4A	1660263139990	0	True
3.0	Hard to use for me.	"Very	 very hard bristles. Still not broken in."	[]	B0107RUU5U	B0107RUU5U	AG2VVHCXWD4OHVDFSUTMZUTXTZAQ	1498702510076	0	True
5.0	Do a good job	"No compression hose is wonderfully comfortable	 they're tough to get on and sometimes sag a bit. However these are the most comfortable ones I've found. They're great about not getting too hot since the foot isn't covered."	[]	B00X3ECNS2	B00X3ECNS2	AG55HTJVCDO7MU6RJZNR3BHRUVHA	1434199819000	0	True
1.0	Does not work	"These did not work at all. I had a full conversation with my husband and could hear him clearly	 just sound like the volume was turned down a little. If I can hear him talking no way would they stand up to his snoring."	[]	B07HRCRTBG	B07HRCRTBG	AFSX3ZL3Y2DNEATKNLZ6BPJ46HUQ	1575721491252	0	True
5.0	Muy recomendable	"Yo compré este cepillo para mi hija	 tenia problema de acné (puntitos negros en su nariz) después de utilizar este cepillo su problema finalizó y ella está feliz."	[]	B07RL7TNNX	B07RL7TNNX	AFQNWOL7VU6G6WGVMVXAFCARKVJA	1565408052740	0	True
1.0	This machine does not work.	It is difficult to get it to pull even one hair. Waist of my money.	[]	B0BC1D4S31	B0BC1D4S31	AGXGC33M77FGRDMQK45INMLRIP7A	1663932824609	1	True
5.0	"this is a good product	 would recommend"	"Just received this today. Sprayed it into my shoes as soon as I got it	 and after four hours of wearing them	 there is no smell. It got rid of the smell that was already there. As far as I can tell	 this is a good product	 would recommend."	[]	B01FNFIP76	B07DFS5DGY	AFA3CYRMX4TZYBN5WUNHWHO5R6KQ	1491002551000	1	True
4.0	I bought the short handle ones and wish I had ...	I bought the short handle ones and wish I had the longer handle ones.  (It is a learning curve to get them into the ear correctly) A friend has a longer handle pair and she finds them so much easier to place in her ears and actually you can't see them in her ear. I wish I had the longer handle ones.<br />The case is an extra plus.	[]	B00A3Z44RW	B09Z8P3HLM	AHPECFR6KP7ULU6OJRUXM7EREENQ	1529924482938	0	True
5.0	Very strong	I needed a stool to aid me when putting lotion on my feet and legs. Also needed for getting in my high bed. The stool is good quality.	[]	B002VWK118	B0979WC2RQ	AF42QKE7RQM3NMIVLLBGL67G2EGA	1544895641307	0	True
4.0	Four Stars	They were perfect. Great for party favors.	[]	B00BOX69RA	B00BOX69RA	AG77AVNVLJSEAIEPT7FMYJYUUMEQ	1491846940000	0	True
5.0	Five Stars	It's very easy to used and it work great love it.i would recommend this product to my friend.	[]	B016YRVMDG	B016YRVMDG	AF6XLJEMR3IUY5VUG3LCFQLU645A	1452630454000	0	False
1.0	Defective product	All 4 cans only sprayed a few times	[]	B072FG6S59	B072FG6S59	AGWT7TZI5PN66CNRVBLOCA3H5LKA	1576791398813	0	True
5.0	Five Stars	works great sitting in my chair.  Very comfortable to use	[]	B003LUDNIM	B003LUDNIM	AGOQ6IKS5GARHOTPP3FJLE3UZZDA	1500310268096	1	True
4.0	"I'm sure they are very good	 but difficult to use because it hurts"	"Purchased these to squeeze and open up the pores in my eyelids due to dry eyes.  I'm sure they are very good	 but difficult to use because it hurts!  Wish I could get some numbing drops!"	[]	B00TYNLYB8	B00TYNLYB8	AFFYSGIKWEEUDH43IXSVLRJJPTIQ	1515436464580	0	True
5.0	Great teeth whitener	My daughter loves these whitening strips.  They work very well.	[]	B08TQSKPGG	B08TQSKPGG	AHRZ3ZYR4HFYUXMLUQ2TLCO4LLLA	1648937983066	0	True
3.0	"Not bad	 but not the same as the vitamin shop I went to."	"I bought this before in a vitamin shop and I felt<br />the difference. So I decided to buy it on here and noticed it wast the same. Not sure if I maybe had a bad batch or maybe something was slightly altered	 but it didn’t work like the one from the vitamin shop."	[]	B07885V85R	B07885V85R	AF4JAGF7SZGQK2CIOQM4NGC2MYBA	1593771123561	1	True
4.0	RELIEF!! without taking a loan for equipment	"I have a nerve pinch from neck to biceps on both arms	 and 5 minutes with this device	 and relief is amazing!<br /> after a couple of weeks of using 1 or 2 times per day	 Im noticing a little more relief. We'll see how it improves in a month or so.<br />I have 2 issues	 however	 that nothing can be done about. on high inflation	 makes it somewhat difficult to breath	 and puts a heavy pressure on lower jaw.. and being clausterphobic doesnt help the situation	 it creates it. Just a warning of what to expect to fellow clausterphobes!"	[]	B0BBM53N37	B0BBM53N37	AHNQPTSQDO2V4JRMVZNAEGFIG5IA	1665398781518	4	True
5.0	Wife loves this tool	My wife has been wanting a blackhead remover for a long time. She is very satisfied with this one. As soon as the package arrived she took it out of package plugged it in with the provided charging cable. About an hour later she went to town. She cleared my entire nose and we couldn't believe the amount of black heads that where in the changeable suction head. We are a big fan of all the different changeable heads provided. The black head sucker is very simple to use and also comes with a hand held tool kit which is great for manually extracting white heads or deep blackheads.	[]	B0859RYQ3B	B0859RYQ3B	AH5BLNWVV7P52QBOLGTLX2WV24GA	1587832348194	19	True
2.0	It looks really cool - love the color	"It looks really cool - love the color!<br />But it doesn't really close enough to do the job on a thin layer of hair.  I'm going to give it away.<br />The travel bag is nice - but way oversized.<br />The packaging was amazing!  I think half the cost probably went into an amazing box (not to be confused with the travel pouch).<br />But I was looking for a product that would shape my hair	 not an amazing box."	[]	B01ATO4XWC	B01ATO4XWC	AGPEXIM7F6QDHC32J44CSONRJIQQ	1468473268000	8	True
1.0	Broken	The worst item. One leg of the item has broken while pushing the item little big. It is handle to care item. I didnt see any weight scale like this item. I didnt even use for one month properly.	[]	B00NBA42TG	B00NBA42TG	AHQ4PE3HFKS45V6NNKR7XQNLVXEA	1448237545000	3	True
5.0	Adorable!	The price was great and the quality better than expected	[]	B07YX4VXHC	B07YX4VXHC	AFJHNZXMJZOJ2IDSYFMITUSK4CKQ	1593530100561	0	True
5.0	Just what I needed	"Comfortable	 just the right size	 and washable. What more could I need?"	[]	B07MQ6CQ98	B07MQ6CQ98	AETBV4O3MOY6GRLRCFTZG5PW5L5Q	1564419838291	18	True
1.0	Bad after taste	"I do not like the chalky after taste	 but I do sleep well after drinking. Will not purchase again."	[]	B0BJY78927	B0BJY78927	AHAD6YLCXWTHG6PFMGKTDTM2LFJQ	1679448094677	0	True
1.0	Not worth it	Not only do you spend good money on it with the hopes it works...it didn't for me. I tried to get a refund and was told I didn't diet or count my calories correctly and couldn't get a refund because I didn't keep the used bottles. This was just another pill I had high hopes for but let me down big time didn't even lose a pound :-(	[]	B083V73BS9	B083V73BS9	AH7VJDU6JG5OSHSMBFLJFVQSMIXQ	1597098190337	4	False
3.0	Bottle too big for the content	The container is too large for the content. I combined the contents of two bottles into one.	[]	B07C8GCXP6	B07C8GCXP6	AESJRR3PF563DFWYD2MC3YPTNEUQ	1545849039874	6	True
5.0	Good quality.	Husband loves these! & he has to wear a mask daily. Def a good buy!	[]	B08GZKGHJP	B08BQZHB9D	AFBEDVGTXJZAWVFWUNQPE56MYYZA	1614313766870	0	True
